"bundestagId","name","party","profileUrl","hasConstituencyOffice","officeCount","postalAddress","postalCode","city","rawLines"
"1043330","Abdi, Sanae","SPD","https://www.bundestag.de/abgeordnete/biografien/A/abdi_sanae-1043330","true","2","Wahlkreisbüro Köln-Innenstadt, Magnusstraße 18 b, 50672 Köln | Wahlkreisbüro Kalk, Kalker Hauptstraße 212, 51103 Köln","50672 | 51103","Köln | Köln","Wahlkreisbüro Köln-Innenstadt
Magnusstraße 18 b
50672 Köln
---
Wahlkreisbüro Kalk
Kalker Hauptstraße 212
51103 Köln"
"1043342","Abraham, Knut","CDU/CSU","https://www.bundestag.de/abgeordnete/biografien/A/abraham_knut-1043342","true","2","Wahlkreisbüro Finsterwalde, Berliner Straße 27, 03238 Finsterwalde | Wahlkreisbüro Senftenberg, Schloßstraße 16, 01968 Senftenberg","03238 | 01968","Finsterwalde | Senftenberg","Wahlkreisbüro Finsterwalde
Berliner Straße 27
03238 Finsterwalde
---
Wahlkreisbüro Senftenberg
Schloßstraße 16
01968 Senftenberg"
"1043346","Achelwilm, Doris","Die Linke","https://www.bundestag.de/abgeordnete/biografien/A/achelwilm_doris-1043346","true","1","Doventorstraße 2, 28195 Bremen","28195","Bremen","Doventorstraße 2
28195 Bremen"
"1043358","Aeikens, Anna","CDU/CSU","https://www.bundestag.de/abgeordnete/biografien/A/aeikens_anna-1043358","false","0","","","",""
"1043370","Ahmetović, Adis","SPD","https://www.bundestag.de/abgeordnete/biografien/A/ahmetovic_adis-1043370","true","1","Im Kreuzkampe 1, 30655 Hannover","30655","Hannover","Im Kreuzkampe 1
30655 Hannover"
"1043376","Akbulut, Gökay","Die Linke","https://www.bundestag.de/abgeordnete/biografien/A/akbulut_goekay-1043376","false","0","","","",""
"1043380","Aken, Jan van","Die Linke","https://www.bundestag.de/abgeordnete/biografien/A/aken_jan-1043380","true","1","Burchardstraße 21, 20095 Hamburg","20095","Hamburg","Burchardstraße 21
20095 Hamburg"
"1043422","Al-Wazir, Tarek","Bündnis 90/Die Grünen","https://www.bundestag.de/abgeordnete/biografien/A/al_wazir_tarek-1043422","true","1","Domstraße 87 - 89, 63067 Offenbach","63067","Offenbach","Domstraße 87 - 89
63067 Offenbach"
"1043386","Alabali Radovan, Reem","SPD","https://www.bundestag.de/abgeordnete/biografien/A/alabali_radovan_reem-1043386","true","3","Wahlreisbüro Schwerin, Wismarsche Str. 152, 19053 Schwerin | Wahlkreisbüro Hagenow, Bergstraße 10, 19230 Hagenow | Wahlkreisbüro Greifswald, Weißgerberstraße 14, 17489 Greifswald","19053 | 19230 | 17489","Schwerin | Hagenow | Greifswald","Wahlreisbüro Schwerin
Wismarsche Str. 152
19053 Schwerin
---
Wahlkreisbüro Hagenow
Bergstraße 10
19230 Hagenow
---
Wahlkreisbüro Greifswald
Weißgerberstraße 14
17489 Greifswald"
"1043390","Albani, Stephan","CDU/CSU","https://www.bundestag.de/abgeordnete/biografien/A/albani_stephan-1043390","true","2","Wahlkreisbüro Oldenburg, Unterm Berg 20, 26123 Oldenburg | Wahlkreisbüro Ammerland, Langenhof 2, 26160 Bad Zwischenahn","26123 | 26160","Oldenburg | Bad Zwischenahn","Wahlkreisbüro Oldenburg
Unterm Berg 20
26123 Oldenburg
---
Wahlkreisbüro Ammerland
Langenhof 2
26160 Bad Zwischenahn"
"1043402","Alhamwi, Dr. Alaa","Bündnis 90/Die Grünen","https://www.bundestag.de/abgeordnete/biografien/A/alhamwi_alaa-1043402","true","1","Friedensplatz 4, 26122 Oldenburg","26122","Oldenburg","Friedensplatz 4
26122 Oldenburg"
"1043416","Altenkamp, Norbert Maria","CDU/CSU","https://www.bundestag.de/abgeordnete/biografien/A/altenkamp_norbert-1043416","true","1","Hattersheimer Str. 46, 65719 Hofheim am Taunus","65719","Hofheim am Taunus","Hattersheimer Str. 46
65719 Hofheim am Taunus"
"1043428","Amthor, Philipp","CDU/CSU","https://www.bundestag.de/abgeordnete/biografien/A/amthor_philipp-1043428","false","0","","","",""
"1043430","Amtsberg, Luise","Bündnis 90/Die Grünen","https://www.bundestag.de/abgeordnete/biografien/A/amtsberg_luise-1043430","true","1","Gartenstraße 27 / Eingang Legienstraße 27, 24103 Kiel","24103","Kiel","Gartenstraße 27 / Eingang Legienstraße 27
24103 Kiel"
"1043446","Arndt, Dr. Michael","Die Linke","https://www.bundestag.de/abgeordnete/biografien/A/arndt_michael-1043446","true","1","Untere Allee 3, 66424 Homburg, Startseite, Abgeordnete, Biografien, A, zurück zu: Biografien, (), Instagram, Instagram-Kanäle, Bundestag, (Externer Link, Link öffnet ein neues Fenster), Bundestagspräsidentin, (Externer Link, Link öffnet ein neues Fenster), LinkedIn, Mastodon, Mastodon-Kanäle, Bundestag, (Externer Link, Link öffnet ein neues Fenster), hib-Nachrichten, (Externer Link, Link öffnet ein neues Fenster), WhatsApp, YouTube, Hilfe, Kontakt, Inhaltsübersicht, Instagram, Instagram-Kanäle, Bundestag, (Externer Link, Link öffnet ein neues Fenster), Bundestagspräsidentin, (Externer Link, Link öffnet ein neues Fenster), LinkedIn, Mastodon, Mastodon-Kanäle, Bundestag, (Externer Link, Link öffnet ein neues Fenster), hib-Nachrichten, (Externer Link, Link öffnet ein neues Fenster), WhatsApp, YouTube, Barrierefreiheit, Datenschutz, Impressum, © Deutscher Bundestag, Ausdruck aus dem Internet-Angebot des Deutschen Bundestages, https://www.bundestag.de/abgeordnete/biografien/A/arndt_michael-1043446, Stand: 04.07.2026","66424","Homburg","Untere Allee 3
66424 Homburg
Startseite
Abgeordnete
Biografien
A
zurück zu: Biografien
()
Instagram
Instagram-Kanäle
Bundestag
(Externer Link, Link öffnet ein neues Fenster)
Bundestagspräsidentin
(Externer Link, Link öffnet ein neues Fenster)
LinkedIn
Mastodon
Mastodon-Kanäle
Bundestag
(Externer Link, Link öffnet ein neues Fenster)
hib-Nachrichten
(Externer Link, Link öffnet ein neues Fenster)
WhatsApp
YouTube
Hilfe
Kontakt
Inhaltsübersicht
Instagram
Instagram-Kanäle
Bundestag
(Externer Link, Link öffnet ein neues Fenster)
Bundestagspräsidentin
(Externer Link, Link öffnet ein neues Fenster)
LinkedIn
Mastodon
Mastodon-Kanäle
Bundestag
(Externer Link, Link öffnet ein neues Fenster)
hib-Nachrichten
(Externer Link, Link öffnet ein neues Fenster)
WhatsApp
YouTube
Barrierefreiheit
Datenschutz
Impressum
© Deutscher Bundestag
Ausdruck aus dem Internet-Angebot des Deutschen Bundestages
https://www.bundestag.de/abgeordnete/biografien/A/arndt_michael-1043446
Stand: 04.07.2026"
"1043452","Arpaschi, Alexander","AfD","https://www.bundestag.de/abgeordnete/biografien/A/arpaschi_alexander-1043452","true","1","Blütenfeldplatz 1-8, 76532 Baden-Baden","76532","Baden-Baden","Blütenfeldplatz 1-8
76532 Baden-Baden"
"1043460","Asar, Ayse","Bündnis 90/Die Grünen","https://www.bundestag.de/abgeordnete/biografien/A/asar_ayse-1043460","true","1","Diezer Straße 108, 65549 Limburg an der Lahn","65549","Limburg an der Lahn","Diezer Straße 108
65549 Limburg an der Lahn"
"1086638","Asghari, Prof. Dr. Reza","CDU/CSU","https://www.bundestag.de/abgeordnete/biografien/A/asghari_reza-1086638","true","1","Wahlkreisbüro Prof. Dr. Reza Asghari, MdB, Im kalten Tale 20, 38304 Wolfenbüttel","38304","Wolfenbüttel","Wahlkreisbüro Prof. Dr. Reza Asghari, MdB
Im kalten Tale 20
38304 Wolfenbüttel"
"1043470","Ataoğlu, Tijen","CDU/CSU","https://www.bundestag.de/abgeordnete/biografien/A/ataoglu_tijen-1043470","true","1","Rathausstraße 23, 58095 Hagen, Startseite, Abgeordnete, Biografien, A, zurück zu: Biografien, (), Instagram, Instagram-Kanäle, Bundestag, (Externer Link, Link öffnet ein neues Fenster), Bundestagspräsidentin, (Externer Link, Link öffnet ein neues Fenster), LinkedIn, Mastodon, Mastodon-Kanäle, Bundestag, (Externer Link, Link öffnet ein neues Fenster), hib-Nachrichten, (Externer Link, Link öffnet ein neues Fenster), WhatsApp, YouTube, Hilfe, Kontakt, Inhaltsübersicht, Instagram, Instagram-Kanäle, Bundestag, (Externer Link, Link öffnet ein neues Fenster), Bundestagspräsidentin, (Externer Link, Link öffnet ein neues Fenster), LinkedIn, Mastodon, Mastodon-Kanäle, Bundestag, (Externer Link, Link öffnet ein neues Fenster), hib-Nachrichten, (Externer Link, Link öffnet ein neues Fenster), WhatsApp, YouTube, Barrierefreiheit, Datenschutz, Impressum, © Deutscher Bundestag, Ausdruck aus dem Internet-Angebot des Deutschen Bundestages, https://www.bundestag.de/abgeordnete/biografien/A/ataoglu_tijen-1043470, Stand: 04.07.2026","58095","Hagen","Rathausstraße 23
58095 Hagen
Startseite
Abgeordnete
Biografien
A
zurück zu: Biografien
()
Instagram
Instagram-Kanäle
Bundestag
(Externer Link, Link öffnet ein neues Fenster)
Bundestagspräsidentin
(Externer Link, Link öffnet ein neues Fenster)
LinkedIn
Mastodon
Mastodon-Kanäle
Bundestag
(Externer Link, Link öffnet ein neues Fenster)
hib-Nachrichten
(Externer Link, Link öffnet ein neues Fenster)
WhatsApp
YouTube
Hilfe
Kontakt
Inhaltsübersicht
Instagram
Instagram-Kanäle
Bundestag
(Externer Link, Link öffnet ein neues Fenster)
Bundestagspräsidentin
(Externer Link, Link öffnet ein neues Fenster)
LinkedIn
Mastodon
Mastodon-Kanäle
Bundestag
(Externer Link, Link öffnet ein neues Fenster)
hib-Nachrichten
(Externer Link, Link öffnet ein neues Fenster)
WhatsApp
YouTube
Barrierefreiheit
Datenschutz
Impressum
© Deutscher Bundestag
Ausdruck aus dem Internet-Angebot des Deutschen Bundestages
https://www.bundestag.de/abgeordnete/biografien/A/ataoglu_tijen-1043470
Stand: 04.07.2026"
"1043476","Audretsch, Andreas","Bündnis 90/Die Grünen","https://www.bundestag.de/abgeordnete/biografien/A/audretsch_andreas-1043476","true","1","Braunschweiger Straße 71, 12055 Berlin","12055","Berlin","Braunschweiger Straße 71
12055 Berlin"
"1048348","Auernhammer, Artur","CDU/CSU","https://www.bundestag.de/abgeordnete/biografien/A/auernhammer_artur-1048348","true","1","Bahnhofsplatz 1, 91522 Ansbach","91522","Ansbach","Bahnhofsplatz 1
91522 Ansbach"
"1048350","Aumer, Peter","CDU/CSU","https://www.bundestag.de/abgeordnete/biografien/A/aumer_peter-1048350","false","0","","","",""
"1043496","Babendererde, Dr. Cornell-Anette","CDU/CSU","https://www.bundestag.de/abgeordnete/biografien/B/babendererde_cornell-1043496","true","1","Bahnhofstraße 21, 21423 Winsen","21423","Winsen","Bahnhofstraße 21
21423 Winsen"
"1043502","Bachmann, Carolin","AfD","https://www.bundestag.de/abgeordnete/biografien/B/bachmann_carolin-1043502","true","1","AfD Bürgerbüro Mittweida, Rochlitzer Straße 73, 09648 Mittweida, AfD Bürgerbüro Freiberg, Burgstraße 25, 09599 Freiberg","09648","Mittweida","AfD Bürgerbüro Mittweida
Rochlitzer Straße 73
09648 Mittweida
AfD Bürgerbüro Freiberg
Burgstraße 25
09599 Freiberg"
"1043506","Badum, Lisa","Bündnis 90/Die Grünen","https://www.bundestag.de/abgeordnete/biografien/B/badum_lisa-1043506","true","2","Wahlkreisbüro Bamberg, Luitpoldstraße 53, 96052 Bamberg | Wahlkreisbüro Forchheim, Paradeplatz 19, 91301 Forchheim","96052 | 91301","Bamberg | Forchheim","Wahlkreisbüro Bamberg
Luitpoldstraße 53
96052 Bamberg
---
Wahlkreisbüro Forchheim
Paradeplatz 19
91301 Forchheim"
"1043526","Bär, Dorothee","CDU/CSU","https://www.bundestag.de/abgeordnete/biografien/B/baer_dorothee-1043526","true","1","Obere Marktstraße 1, 97688 Bad Kissingen","97688","Bad Kissingen","Obere Marktstraße 1
97688 Bad Kissingen"
"1043528","Bär, Karl","Bündnis 90/Die Grünen","https://www.bundestag.de/abgeordnete/biografien/B/baer_karl-1043528","true","1","Marienstraße 3, 83607 Holzkirchen","83607","Holzkirchen","Marienstraße 3
83607 Holzkirchen"
"1043508","Baerbock, Annalena","Bündnis 90/Die Grünen","https://www.bundestag.de/abgeordnete/biografien/B/baerbock_annalena-1043508","false","0","","","",""
"1043516","Baldy, Daniel","SPD","https://www.bundestag.de/abgeordnete/biografien/B/baldy_daniel-1043516","true","1","Fuststraße 8, 55116 Mainz","55116","Mainz","Fuststraße 8
55116 Mainz"
"1043518","Balten, Adam","AfD","https://www.bundestag.de/abgeordnete/biografien/B/balten_adam-1043518","false","0","","","",""
"1043522","Banaszak, Felix","Bündnis 90/Die Grünen","https://www.bundestag.de/abgeordnete/biografien/B/banaszak_felix-1043522","true","1","Wahlkreisbüro Duisburg, Pulverweg 5, 47051 Duisburg, Regionalbüro Brandenburg an der Havel, Ritterstraße 90, 14770 Brandenburg an der Havel","47051","Duisburg","Wahlkreisbüro Duisburg
Pulverweg 5
47051 Duisburg
Regionalbüro Brandenburg an der Havel
Ritterstraße 90
14770 Brandenburg an der Havel"
"1048368","Bareiß, Thomas","CDU/CSU","https://www.bundestag.de/abgeordnete/biografien/B/bareiss_thomas-1048368","false","0","","","",""
"1043546","Bartol, Sören","SPD","https://www.bundestag.de/abgeordnete/biografien/B/bartol_soeren-1043546","false","0","","","",""
"1043548","Bartsch, Dr. Dietmar","Die Linke","https://www.bundestag.de/abgeordnete/biografien/B/bartsch_dietmar-1043548","false","0","","","",""
"1043554","Bas, Bärbel","SPD","https://www.bundestag.de/abgeordnete/biografien/B/bas_baerbel-1043554","true","1","Krummacherstraße 33, 47051 Duisburg","47051","Duisburg","Krummacherstraße 33
47051 Duisburg"
"1043562","Bauer, Marcel","Die Linke","https://www.bundestag.de/abgeordnete/biografien/B/bauer_marcel-1043562","false","0","","","",""
"1048376","Baum, Dr. Christina","AfD","https://www.bundestag.de/abgeordnete/biografien/B/baum_christina-1048376","false","0","","","",""
"1043568","Baumann, Dr. Bernd","AfD","https://www.bundestag.de/abgeordnete/biografien/B/baumann_bernd-1043568","false","0","","","",""
"1043570","Baumgartner, Günter","CDU/CSU","https://www.bundestag.de/abgeordnete/biografien/B/baumgartner_guenter-1043570","true","2","CSU-Bundeswahlkreisgeschäftsstelle Rottal-Inn, Bezirksamtsgasse 1, 84307 Eggenfelden | Wahlkreisbüro Dingolfing-Landau, Marienplatz 11, 94405 Landau","84307 | 94405","Eggenfelden | Landau","CSU-Bundeswahlkreisgeschäftsstelle Rottal-Inn
Bezirksamtsgasse 1
84307 Eggenfelden
---
Wahlkreisbüro Dingolfing-Landau
Marienplatz 11
94405 Landau"
"1043580","Beck, Katharina","Bündnis 90/Die Grünen","https://www.bundestag.de/abgeordnete/biografien/B/beck_katharina-1043580","true","1","Burchardstraße 19, 20095 Hamburg","20095","Hamburg","Burchardstraße 19
20095 Hamburg"
"1043590","Becker, Carsten","AfD","https://www.bundestag.de/abgeordnete/biografien/B/becker_carsten-1043590","true","1","Wahlkreisbüro Dillingen/Saar, Stummstraße 30, 66763 Dillingen/Saar, Startseite, Abgeordnete, Biografien, B, zurück zu: Biografien, (), Instagram, Instagram-Kanäle, Bundestag, (Externer Link, Link öffnet ein neues Fenster), Bundestagspräsidentin, (Externer Link, Link öffnet ein neues Fenster), LinkedIn, Mastodon, Mastodon-Kanäle, Bundestag, (Externer Link, Link öffnet ein neues Fenster), hib-Nachrichten, (Externer Link, Link öffnet ein neues Fenster), WhatsApp, YouTube, Hilfe, Kontakt, Inhaltsübersicht, Instagram, Instagram-Kanäle, Bundestag, (Externer Link, Link öffnet ein neues Fenster), Bundestagspräsidentin, (Externer Link, Link öffnet ein neues Fenster), LinkedIn, Mastodon, Mastodon-Kanäle, Bundestag, (Externer Link, Link öffnet ein neues Fenster), hib-Nachrichten, (Externer Link, Link öffnet ein neues Fenster), WhatsApp, YouTube, Barrierefreiheit, Datenschutz, Impressum, © Deutscher Bundestag, Ausdruck aus dem Internet-Angebot des Deutschen Bundestages, https://www.bundestag.de/abgeordnete/biografien/B/becker_carsten-1043590, Stand: 04.07.2026","66763","Dillingen/Saar","Wahlkreisbüro Dillingen/Saar
Stummstraße 30
66763 Dillingen/Saar
Startseite
Abgeordnete
Biografien
B
zurück zu: Biografien
()
Instagram
Instagram-Kanäle
Bundestag
(Externer Link, Link öffnet ein neues Fenster)
Bundestagspräsidentin
(Externer Link, Link öffnet ein neues Fenster)
LinkedIn
Mastodon
Mastodon-Kanäle
Bundestag
(Externer Link, Link öffnet ein neues Fenster)
hib-Nachrichten
(Externer Link, Link öffnet ein neues Fenster)
WhatsApp
YouTube
Hilfe
Kontakt
Inhaltsübersicht
Instagram
Instagram-Kanäle
Bundestag
(Externer Link, Link öffnet ein neues Fenster)
Bundestagspräsidentin
(Externer Link, Link öffnet ein neues Fenster)
LinkedIn
Mastodon
Mastodon-Kanäle
Bundestag
(Externer Link, Link öffnet ein neues Fenster)
hib-Nachrichten
(Externer Link, Link öffnet ein neues Fenster)
WhatsApp
YouTube
Barrierefreiheit
Datenschutz
Impressum
© Deutscher Bundestag
Ausdruck aus dem Internet-Angebot des Deutschen Bundestages
https://www.bundestag.de/abgeordnete/biografien/B/becker_carsten-1043590
Stand: 04.07.2026"
"1043592","Becker, Desiree","Die Linke","https://www.bundestag.de/abgeordnete/biografien/B/becker_desiree-1043592","true","2","Wahlkreisbüro Gießen, Steinstr. 77, 35390 Gießen | Wahlkreisbüro Marburg, Elisabethstraße 9, 35037 Marburg","35390 | 35037","Gießen | Marburg","Wahlkreisbüro Gießen
Steinstr. 77
35390 Gießen
---
Wahlkreisbüro Marburg
Elisabethstraße 9
35037 Marburg"
"1043614","Beek, Sascha van","CDU/CSU","https://www.bundestag.de/abgeordnete/biografien/B/beek_sascha-1043614","false","0","","","",""
"1043618","Behrens, Jens","SPD","https://www.bundestag.de/abgeordnete/biografien/B/behrens_jens-1043618","true","2","Wahlkreisbüro Soest, Ulricherstraße 27, 59494 Soest | Wahlkreisbüro Lippstadt, Cappelstraße 7, 59555 Lippstadt","59494 | 59555","Soest | Lippstadt","Wahlkreisbüro Soest
Ulricherstraße 27
59494 Soest
---
Wahlkreisbüro Lippstadt
Cappelstraße 7
59555 Lippstadt"
"1043648","Benner, Lukas","Bündnis 90/Die Grünen","https://www.bundestag.de/abgeordnete/biografien/B/benner_lukas-1043648","true","1","Franzstraße 34, 52064 Aachen","52064","Aachen","Franzstraße 34
52064 Aachen"
"1043678","Bernhard, Marc","AfD","https://www.bundestag.de/abgeordnete/biografien/B/bernhard_marc-1043678","false","0","","","",""
"1043686","Bernstein, Melanie","CDU/CSU","https://www.bundestag.de/abgeordnete/biografien/B/bernstein_melanie-1043686","true","1","„Altes Amtsgericht“, Hamburger Str. 29, 23795 Bad Segeberg","23795","Bad Segeberg","„Altes Amtsgericht“
Hamburger Str. 29
23795 Bad Segeberg"
"1048412","Bessin, Birgit","AfD","https://www.bundestag.de/abgeordnete/biografien/B/bessin_birgit-1048412","true","5","Wahlkreisbüro Ortrand, Straße der Einheit 28, 01990 Ortrand | Wahlkreisbüro Senftenberg, Schmiedestr. 9/11, 01968 Senftenberg | Wahlkreisbüro Finsterwalde, August-Bebel-Str. 11, 03238 Finsterwalde | Wahlkreisbüro Bad Liebenwerda, Hainsche Str. 3, 04924 Bad Liebenwerda | Bürgerbüro Birgit Bessin MdB, Baruther Str. 28, 14959 Trebbin","01990 | 01968 | 03238 | 04924 | 14959","Ortrand | Senftenberg | Finsterwalde | Bad Liebenwerda | Trebbin","Wahlkreisbüro Ortrand
Straße der Einheit 28
01990 Ortrand
---
Wahlkreisbüro Senftenberg
Schmiedestr. 9/11
01968 Senftenberg
---
Wahlkreisbüro Finsterwalde
August-Bebel-Str. 11
03238 Finsterwalde
---
Wahlkreisbüro Bad Liebenwerda
Hainsche Str. 3
04924 Bad Liebenwerda
---
Bürgerbüro Birgit Bessin MdB
Baruther Str. 28
14959 Trebbin"
"1043690","Bettermann, Daniel","SPD","https://www.bundestag.de/abgeordnete/biografien/B/bettermann_daniel-1043690","true","1","Humboldtstraße 8 A, 34117 Kassel","34117","Kassel","Humboldtstraße 8 A
34117 Kassel"
"1043694","Beutin, Lorenz Gösta","Die Linke","https://www.bundestag.de/abgeordnete/biografien/B/beutin_lorenz-1043694","false","0","","","",""
"1043696","Beyer, Peter","CDU/CSU","https://www.bundestag.de/abgeordnete/biografien/B/beyer_peter-1043696","true","1","Friedrichstraße 140a, 42551 Velbert","42551","Velbert","Friedrichstraße 140a
42551 Velbert"
"1048416","Biadacz, Marc","CDU/CSU","https://www.bundestag.de/abgeordnete/biografien/B/biadacz_marc-1048416","true","1","Bürgerbüro, Marktplatz 22, 71032 Böblingen","71032","Böblingen","Bürgerbüro
Marktplatz 22
71032 Böblingen"
"1048434","Bilger, Steffen","CDU/CSU","https://www.bundestag.de/abgeordnete/biografien/B/bilger_steffen-1048434","true","1","Stuttgarter Straße 50, 71638 Ludwigsburg","71638","Ludwigsburg","Stuttgarter Straße 50
71638 Ludwigsburg"
"1043708","Bilic, Florian","CDU/CSU","https://www.bundestag.de/abgeordnete/biografien/B/bilic_florian-1043708","true","1","Teichstraße 8, 66953 Pirmasens","66953","Pirmasens","Teichstraße 8
66953 Pirmasens"
"1043712","Birghan, Dr. Christoph","AfD","https://www.bundestag.de/abgeordnete/biografien/B/birghan_christoph-1043712","true","1","Scheibenstraße 6/top3, 83278 Traunstein","83278","Traunstein","Scheibenstraße 6/top3
83278 Traunstein"
"1043716","Blankenburg, Jakob","SPD","https://www.bundestag.de/abgeordnete/biografien/B/blankenburg_jakob-1043716","false","0","","","",""
"1043722","Bleck, Andreas","AfD","https://www.bundestag.de/abgeordnete/biografien/B/bleck_andreas-1043722","true","2","Wahlkreisbüro Neuwied, Feldkircher Straße 40a, 56567 Neuwied | Wahlkreisbüro Altenkirchen, Wilhelmstr. 53, 57610 Altenkirchen","56567 | 57610","Neuwied | Altenkirchen","Wahlkreisbüro Neuwied
Feldkircher Straße 40a
56567 Neuwied
---
Wahlkreisbüro Altenkirchen
Wilhelmstr. 53
57610 Altenkirchen"
"1043728","Bloch, Joachim","AfD","https://www.bundestag.de/abgeordnete/biografien/B/bloch_joachim-1043728","true","1","Hauptstraße 26 - 28, 78628 Rottweil","78628","Rottweil","Hauptstraße 26 - 28
78628 Rottweil"
"1043730","Blos, Dr. Michael","AfD","https://www.bundestag.de/abgeordnete/biografien/B/blos_michael-1043730","true","1","Burgheimer Str. 61, 77933 Lahr/Schwarzwald","77933","Lahr/Schwarzwald","Burgheimer Str. 61
77933 Lahr/Schwarzwald"
"1043736","Bochmann, René","AfD","https://www.bundestag.de/abgeordnete/biografien/B/bochmann_rene-1043736","true","3","Wahlkreisbüro Eilenburg, Puschkinstraße 9, 04838 Eilenburg | Wahlkreisbüro Oschatz, Wermsdorfer Straße 1, 04758 Oschatz | Wahlkreisbüro Torgau, Breite Straße 4, 04860 Torgau","04838 | 04758 | 04860","Eilenburg | Oschatz | Torgau","Wahlkreisbüro Eilenburg
Puschkinstraße 9
04838 Eilenburg
---
Wahlkreisbüro Oschatz
Wermsdorfer Straße 1
04758 Oschatz
---
Wahlkreisbüro Torgau
Breite Straße 4
04860 Torgau"
"1043738","Bock, Violetta","Die Linke","https://www.bundestag.de/abgeordnete/biografien/B/bock_violetta-1043738","true","2","Wahlkreisbüro Kassel, Schillerstr. 21, 34117 Kassel | Wahlkreisbüro Schwalmstadt, Steingasse 5, 34613 Schwalmstadt","34117 | 34613","Kassel | Schwalmstadt","Wahlkreisbüro Kassel
Schillerstr. 21
34117 Kassel
---
Wahlkreisbüro Schwalmstadt
Steingasse 5
34613 Schwalmstadt"
"1043740","Bodin, Leif Erik","CDU/CSU","https://www.bundestag.de/abgeordnete/biografien/B/bodin_leif-1043740","true","2","Wahlkreisbüro Nordfriesland, Hinrich-Fehrs-Str. 2, 25813 Husum | Wahlkreisbüro Dithmarschen-Nord, Neue Anlage 17, 25746 Heide","25813 | 25746","Husum | Heide","Wahlkreisbüro Nordfriesland
Hinrich-Fehrs-Str. 2
25813 Husum
---
Wahlkreisbüro Dithmarschen-Nord
Neue Anlage 17
25746 Heide"
"1043742","Boehringer, Peter","AfD","https://www.bundestag.de/abgeordnete/biografien/B/boehringer_peter-1043742","true","1","Wahlkreisbüro Amberg-Neumarkt, Am Herzogsberg 1, 92355 Velburg","92355","Velburg","Wahlkreisbüro Amberg-Neumarkt
Am Herzogsberg 1
92355 Velburg"
"1043784","Böttger, Janina","Die Linke","https://www.bundestag.de/abgeordnete/biografien/B/boettger_janina-1043784","false","0","","","",""
"1043750","Bohnhof, Peter","AfD","https://www.bundestag.de/abgeordnete/biografien/B/bohnhof_peter-1043750","false","0","","","",""
"1043754","Bollmann, Gereon","AfD","https://www.bundestag.de/abgeordnete/biografien/B/bollmann_gereon-1043754","false","0","","","",""
"1043756","Bollmann, Hendrik","SPD","https://www.bundestag.de/abgeordnete/biografien/B/bollmann_hendrik-1043756","true","1","Bochumer Straße 26, 44623 Herne","44623","Herne","Bochumer Straße 26
44623 Herne"
"1043764","Borchardt, Simone","CDU/CSU","https://www.bundestag.de/abgeordnete/biografien/B/borchardt_simone-1043764","true","1","August-Bebel-Straße 40, 23936 Grevesmühlen","23936","Grevesmühlen","August-Bebel-Straße 40
23936 Grevesmühlen"
"1043774","Bosbach, Caroline","CDU/CSU","https://www.bundestag.de/abgeordnete/biografien/B/bosbach_caroline-1043774","true","1","CDU Rhein-Berg, Am Stadion 18-24, 51465 Bergisch Gladbach","51465","Bergisch Gladbach","CDU Rhein-Berg
Am Stadion 18-24
51465 Bergisch Gladbach"
"1043776","Bosch, Jorrit","Die Linke","https://www.bundestag.de/abgeordnete/biografien/B/bosch_jorrit-1043776","true","2","Wahlkreisbüro Braunschweig, Wendenstr. 51, 38100 Braunschweig | Wahlkreisbüro Lüneburg, Reichenbachstraße 2, 21335 Lüneburg","38100 | 21335","Braunschweig | Lüneburg","Wahlkreisbüro Braunschweig
Wendenstr. 51
38100 Braunschweig
---
Wahlkreisbüro Lüneburg
Reichenbachstraße 2
21335 Lüneburg"
"1043786","Bouffier, Frederik","CDU/CSU","https://www.bundestag.de/abgeordnete/biografien/B/bouffier_frederik-1043786","true","2","Bürgerbüro Gießen, Spenerweg 8, 35394 Gießen | Bürgerbüro im Vogelsbergkreis, Altenburger Straße 16a, 36304 Alsfeld","35394 | 36304","Gießen | Alsfeld","Bürgerbüro Gießen
Spenerweg 8
35394 Gießen
---
Bürgerbüro im Vogelsbergkreis
Altenburger Straße 16a
36304 Alsfeld"
"1043788","Braga, Torben","AfD","https://www.bundestag.de/abgeordnete/biografien/B/braga_torben-1043788","true","1","Kesselgasse 25, 04600 Altenburg","04600","Altenburg","Kesselgasse 25
04600 Altenburg"
"1043790","Brand (Fulda), Michael","CDU/CSU","https://www.bundestag.de/abgeordnete/biografien/B/brand_michael-1043790","true","2","Bürgerbüro Fulda, Michael-Henkel-Straße 4-6, 36043 Fulda | Bürgerbüro Vogelsberg, Vogelsbergstraße 40, 36341 Lauterbach","36043 | 36341","Fulda | Lauterbach","Bürgerbüro Fulda
Michael-Henkel-Straße 4-6
36043 Fulda
---
Bürgerbüro Vogelsberg
Vogelsbergstraße 40
36341 Lauterbach"
"1043794","Brandes, Dirk","AfD","https://www.bundestag.de/abgeordnete/biografien/B/brandes_dirk-1043794","false","0","","","",""
"1048450","Brandl, Dr. Reinhard","CDU/CSU","https://www.bundestag.de/abgeordnete/biografien/B/brandl_reinhard-1048450","false","0","","","",""
"1043798","Brandner, Stephan","AfD","https://www.bundestag.de/abgeordnete/biografien/B/brandner_stephan-1043798","true","4","Wahlkreisbüro Gera, Rudolf-Diener-Straße 21, 07545 Gera | Wahlkreisbüro Gößnitz, Zwickauer Straße 11, 04639 Gößnitz | Wahlkreisbüro Meuselwitz, Bebelstraße 21, 04610 Meuselwitz | Wahlkreisbüro Weida, Platz der Freiheit 9, 07570 Weida","07545 | 04639 | 04610 | 07570","Gera | Gößnitz | Meuselwitz | Weida","Wahlkreisbüro Gera
Rudolf-Diener-Straße 21
07545 Gera
---
Wahlkreisbüro Gößnitz
Zwickauer Straße 11
04639 Gößnitz
---
Wahlkreisbüro Meuselwitz
Bebelstraße 21
04610 Meuselwitz
---
Wahlkreisbüro Weida
Platz der Freiheit 9
07570 Weida"
"1043804","Brantner, Dr. Franziska","Bündnis 90/Die Grünen","https://www.bundestag.de/abgeordnete/biografien/B/brantner_franziska-1043804","true","1","Bergheimer Str. 147, 69115 Heidelberg","69115","Heidelberg","Bergheimer Str. 147
69115 Heidelberg"
"1043814","Breher, Silvia","CDU/CSU","https://www.bundestag.de/abgeordnete/biografien/B/breher_silvia-1043814","true","1","Löninger Straße 1, 49661 Cloppenburg, Große Straße 90, 49377 Vechta","49661","Cloppenburg","Löninger Straße 1
49661 Cloppenburg
Große Straße 90
49377 Vechta"
"1183252","Breilmann, Michael","CDU/CSU","https://www.bundestag.de/abgeordnete/biografien/B/breilmann_michael-1183252","false","0","","","",""
"1043820","Bremer, Anne-Mieke","Die Linke","https://www.bundestag.de/abgeordnete/biografien/B/bremer_anne-1043820","true","1","Prinzenstraße 1A, 31582 Nienburg","31582","Nienburg","Prinzenstraße 1A
31582 Nienburg"
"1048460","Brinkhaus, Ralph","CDU/CSU","https://www.bundestag.de/abgeordnete/biografien/B/brinkhaus_ralph-1048460","true","1","Moltkestraße 56, 33330 Gütersloh","33330","Gütersloh","Moltkestraße 56
33330 Gütersloh"
"1043826","Brinkmann, Lutz","CDU/CSU","https://www.bundestag.de/abgeordnete/biografien/B/brinkmann_lutz-1043826","true","1","CDU Kreisverband Osnabrück-Land, Niedersachsenstraße 16, 49134 Wallenhorst","49134","Wallenhorst","CDU Kreisverband Osnabrück-Land
Niedersachsenstraße 16
49134 Wallenhorst"
"1043834","Brodesser, Dr. Carsten","CDU/CSU","https://www.bundestag.de/abgeordnete/biografien/B/brodesser_carsten-1043834","true","1","Fröbelstraße 5, 51643 Gummersbach","51643","Gummersbach","Fröbelstraße 5
51643 Gummersbach"
"1043836","Bröhr, Dr. Marlon","CDU/CSU","https://www.bundestag.de/abgeordnete/biografien/B/broehr_marlon-1043836","false","0","","","",""
"1043840","Broßart, Victoria","Bündnis 90/Die Grünen","https://www.bundestag.de/abgeordnete/biografien/B/brossart_victoria-1043840","false","0","","","",""
"1043846","Brucker, Erhard","AfD","https://www.bundestag.de/abgeordnete/biografien/B/brucker_erhard-1043846","true","1","Zimmerstr. 1, 93059 Regensburg, Startseite, Abgeordnete, Biografien, B, zurück zu: Biografien, (), Instagram, Instagram-Kanäle, Bundestag, (Externer Link, Link öffnet ein neues Fenster), Bundestagspräsidentin, (Externer Link, Link öffnet ein neues Fenster), LinkedIn, Mastodon, Mastodon-Kanäle, Bundestag, (Externer Link, Link öffnet ein neues Fenster), hib-Nachrichten, (Externer Link, Link öffnet ein neues Fenster), WhatsApp, YouTube, Hilfe, Kontakt, Inhaltsübersicht, Instagram, Instagram-Kanäle, Bundestag, (Externer Link, Link öffnet ein neues Fenster), Bundestagspräsidentin, (Externer Link, Link öffnet ein neues Fenster), LinkedIn, Mastodon, Mastodon-Kanäle, Bundestag, (Externer Link, Link öffnet ein neues Fenster), hib-Nachrichten, (Externer Link, Link öffnet ein neues Fenster), WhatsApp, YouTube, Barrierefreiheit, Datenschutz, Impressum, © Deutscher Bundestag, Ausdruck aus dem Internet-Angebot des Deutschen Bundestages, https://www.bundestag.de/abgeordnete/biografien/B/brucker_erhard-1043846, Stand: 04.07.2026","93059","Regensburg","Zimmerstr. 1
93059 Regensburg
Startseite
Abgeordnete
Biografien
B
zurück zu: Biografien
()
Instagram
Instagram-Kanäle
Bundestag
(Externer Link, Link öffnet ein neues Fenster)
Bundestagspräsidentin
(Externer Link, Link öffnet ein neues Fenster)
LinkedIn
Mastodon
Mastodon-Kanäle
Bundestag
(Externer Link, Link öffnet ein neues Fenster)
hib-Nachrichten
(Externer Link, Link öffnet ein neues Fenster)
WhatsApp
YouTube
Hilfe
Kontakt
Inhaltsübersicht
Instagram
Instagram-Kanäle
Bundestag
(Externer Link, Link öffnet ein neues Fenster)
Bundestagspräsidentin
(Externer Link, Link öffnet ein neues Fenster)
LinkedIn
Mastodon
Mastodon-Kanäle
Bundestag
(Externer Link, Link öffnet ein neues Fenster)
hib-Nachrichten
(Externer Link, Link öffnet ein neues Fenster)
WhatsApp
YouTube
Barrierefreiheit
Datenschutz
Impressum
© Deutscher Bundestag
Ausdruck aus dem Internet-Angebot des Deutschen Bundestages
https://www.bundestag.de/abgeordnete/biografien/B/brucker_erhard-1043846
Stand: 04.07.2026"
"1043848","Brückner, Maik","Die Linke","https://www.bundestag.de/abgeordnete/biografien/B/brueckner_maik-1043848","true","2","Wahlkreisbüro Hildesheim, Zingel 20, 31134 Hildesheim | Wahlkreisbüro Oldenburg, Kaiserstr. 19, 26122 Oldenburg","31134 | 26122","Hildesheim | Oldenburg","Wahlkreisbüro Hildesheim
Zingel 20
31134 Hildesheim
---
Wahlkreisbüro Oldenburg
Kaiserstr. 19
26122 Oldenburg"
"1043850","Brugger, Agnieszka","Bündnis 90/Die Grünen","https://www.bundestag.de/abgeordnete/biografien/B/brugger_agnieszka-1043850","true","1","Wahlkreisbüro Ravensburg, Rosenstraße 39, 88212 Ravensburg","88212","Ravensburg","Wahlkreisbüro Ravensburg
Rosenstraße 39
88212 Ravensburg"
"1043872","Büdenbender, Benedikt","CDU/CSU","https://www.bundestag.de/abgeordnete/biografien/B/buedenbender_benedikt-1043872","true","1","Weststraße 1, 57072 Siegen","57072","Siegen","Weststraße 1
57072 Siegen"
"1048474","Bühl, Marcus","AfD","https://www.bundestag.de/abgeordnete/biografien/B/buehl_marcus-1048474","true","1","Wahlkreisbüro Gotha, Siebleber Straße 2, 99867 Gotha","99867","Gotha","Wahlkreisbüro Gotha
Siebleber Straße 2
99867 Gotha"
"1043894","Bünger, Clara","Die Linke","https://www.bundestag.de/abgeordnete/biografien/B/buenger_clara-1043894","true","2","Wahlkreisbüro Aue-Bad Schlema, Kirchstr. 5, 08280 Aue-Bad Schlema | Wahlkreisbüro Dresden, Martin-Luther-Straße 21, 01099 Dresden","08280 | 01099","Aue-Bad Schlema | Dresden","Wahlkreisbüro Aue-Bad Schlema
Kirchstr. 5
08280 Aue-Bad Schlema
---
Wahlkreisbüro Dresden
Martin-Luther-Straße 21
01099 Dresden"
"1048484","Bury, Dr. Yannick","CDU/CSU","https://www.bundestag.de/abgeordnete/biografien/B/bury_yannick-1048484","true","1","Markgrafenstraße 16, 79312 Emmendingen, Friedrichstraße 5, 77933 Lahr","79312","Emmendingen","Markgrafenstraße 16
79312 Emmendingen
Friedrichstraße 5
77933 Lahr"
"1043926","Cademartori, Isabel","SPD","https://www.bundestag.de/abgeordnete/biografien/C/cademartori_isabel-1043926","true","1","H7 36, 68159 Mannheim","68159","Mannheim","H7 36
68159 Mannheim"
"1043934","Carstensen, Sandra","CDU/CSU","https://www.bundestag.de/abgeordnete/biografien/C/carstensen_sandra-1043934","true","2","Wahlkreisbüro Plön, Lange Str. 12 / Stadtgraben, 24306 Plön | Wahlkreisbüro Neumünster, Großflecken 54, 24534 Neumünster","24306 | 24534","Plön | Neumünster","Wahlkreisbüro Plön
Lange Str. 12 / Stadtgraben
24306 Plön
---
Wahlkreisbüro Neumünster
Großflecken 54
24534 Neumünster"
"1043938","Castellucci, Prof. Dr. Lars","SPD","https://www.bundestag.de/abgeordnete/biografien/C/castellucci_lars-1043938","false","0","","","",""
"1043940","Cezanne, Jörg","Die Linke","https://www.bundestag.de/abgeordnete/biografien/C/cezanne_joerg-1043940","true","1","Büdingenstraße 4-6, 65183 Wiesbaden, Holzgraben 5, 60311 Frankfurt, Bahnhofsplatz 1, 65428 Rüsselsheim, Adelung Straße 22, 64283 Darmstadt","65183","Wiesbaden","Büdingenstraße 4-6
65183 Wiesbaden
Holzgraben 5
60311 Frankfurt
Bahnhofsplatz 1
65428 Rüsselsheim
Adelung Straße 22
64283 Darmstadt"
"1043948","Chrupalla, Tino","AfD","https://www.bundestag.de/abgeordnete/biografien/C/chrupalla_tino-1043948","true","1","Muskauer Str. 73, 02943 Weißwasser, Breitscheidstr. 42, 02708 Löbau, Äußere Weberstraße 19, 02763 Zittau, Muskauer Straße 1, 02906 Niesky","02943","Weißwasser","Muskauer Str. 73
02943 Weißwasser
Breitscheidstr. 42
02708 Löbau
Äußere Weberstraße 19
02763 Zittau
Muskauer Straße 1
02906 Niesky"
"1043962","Connemann, Gitta","CDU/CSU","https://www.bundestag.de/abgeordnete/biografien/C/connemann_gitta-1043962","true","2","Wahlkreisbüro Papenburg, Hauptkanal links 42, 26871 Papenburg | Wahlkreisbüro Leer, Ledastraße 11, 26789 Leer","26871 | 26789","Papenburg | Leer","Wahlkreisbüro Papenburg
Hauptkanal links 42
26871 Papenburg
---
Wahlkreisbüro Leer
Ledastraße 11
26789 Leer"
"1043964","Conrad, Agnes","Die Linke","https://www.bundestag.de/abgeordnete/biografien/C/conrad_agnes-1043964","true","1","Wahlkreisbüro Schweinfurt, Am Zeughaus 36, 97421 Schweinfurt","97421","Schweinfurt","Wahlkreisbüro Schweinfurt
Am Zeughaus 36
97421 Schweinfurt"
"1043972","Coße, Jürgen","SPD","https://www.bundestag.de/abgeordnete/biografien/C/cosse_juergen-1043972","true","1","Breite Straße 5, 49477 Ibbenbüren","49477","Ibbenbüren","Breite Straße 5
49477 Ibbenbüren"
"1043982","Curio, Dr. Gottfried","AfD","https://www.bundestag.de/abgeordnete/biografien/C/curio_gottfried-1043982","true","1","Marzahner Chaussee 197, 12681 Berlin","12681","Berlin","Marzahner Chaussee 197
12681 Berlin"
"1048508","Dahler, Wolfgang","CDU/CSU","https://www.bundestag.de/abgeordnete/biografien/D/dahler_wolfgang-1048508","false","0","","","",""
"1043990","Dahmen, Dr. Janosch","Bündnis 90/Die Grünen","https://www.bundestag.de/abgeordnete/biografien/D/dahmen_janosch-1043990","true","1","Bergerstraße 38, 58452 Witten","58452","Witten","Bergerstraße 38
58452 Witten"
"1044016","Demir, Hakan","SPD","https://www.bundestag.de/abgeordnete/biografien/D/demir_hakan-1044016","false","0","","","",""
"1044020","Demuth, Ellen","CDU/CSU","https://www.bundestag.de/abgeordnete/biografien/D/demuth_ellen-1044020","true","2","Wahlkreisbüro Wissen, Mittelstraße 9, 57537 Wissen | Wahlkreisbüro Neuwied, Marktstraße 102, 56564 Neuwied","57537 | 56564","Wissen | Neuwied","Wahlkreisbüro Wissen
Mittelstraße 9
57537 Wissen
---
Wahlkreisbüro Neuwied
Marktstraße 102
56564 Neuwied"
"1044030","Detzer, Dr. Sandra","Bündnis 90/Die Grünen","https://www.bundestag.de/abgeordnete/biografien/D/detzer_sandra-1044030","true","1","Lindenstraße 16, 71634 Ludwigsburg","71634","Ludwigsburg","Lindenstraße 16
71634 Ludwigsburg"
"1044048","Dieren, Jan","SPD","https://www.bundestag.de/abgeordnete/biografien/D/dieren_jan-1044048","true","2","Wahlkreibüro Moers, Ostring 3, 47441 Moers | Wahlkreisbüro Krefeld, Südwall 38, 47798 Krefeld","47441 | 47798","Moers | Krefeld","Wahlkreibüro Moers
Ostring 3
47441 Moers
---
Wahlkreisbüro Krefeld
Südwall 38
47798 Krefeld"
"1048516","Dietz, Thomas","AfD","https://www.bundestag.de/abgeordnete/biografien/D/dietz_thomas-1048516","true","1","Altmarkt 7, 08280 Aue","08280","Aue","Altmarkt 7
08280 Aue"
"1044056","Dilcher, Esther","SPD","https://www.bundestag.de/abgeordnete/biografien/D/dilcher_esther-1044056","true","2","Wahlkreisbüro Hofgeismar, Bahnhofstraße 26, 34369 Hofgeismar | Wahlkreisbüro Korbach, Briloner Landstr. 27, 34497 Korbach","34369 | 34497","Hofgeismar | Korbach","Wahlkreisbüro Hofgeismar
Bahnhofstraße 26
34369 Hofgeismar
---
Wahlkreisbüro Korbach
Briloner Landstr. 27
34497 Korbach"
"1044058","Dillschneider, Jeanne","Bündnis 90/Die Grünen","https://www.bundestag.de/abgeordnete/biografien/D/dillschneider_jeanne-1044058","true","1","Wahlkreisbüro Saarbrücken, Bahnhofstraße 36, 66111 Saarbrücken","66111","Saarbrücken","Wahlkreisbüro Saarbrücken
Bahnhofstraße 36
66111 Saarbrücken"
"1044066","Dittmar, Sabine","SPD","https://www.bundestag.de/abgeordnete/biografien/D/dittmar_sabine-1044066","true","2","Wahlkreisbüro Bad Kissingen, Spargasse 10, 97688 Bad Kissingen | Wahlkreisbüro Haßfurt, Marktplatz 6, 97437 Haßfurt","97688 | 97437","Bad Kissingen | Haßfurt","Wahlkreisbüro Bad Kissingen
Spargasse 10
97688 Bad Kissingen
---
Wahlkreisbüro Haßfurt
Marktplatz 6
97437 Haßfurt"
"1044072","Dobrindt, Alexander","CDU/CSU","https://www.bundestag.de/abgeordnete/biografien/D/dobrindt_alexander-1044072","false","0","","","",""
"1044088","Döring, Felix","SPD","https://www.bundestag.de/abgeordnete/biografien/D/doering_felix-1044088","true","2","Wahlkreisbüro, Kirchenplatz 2, 35390 Gießen | Bürgerbüro Grünberg, Alsfelder Straße 6, 35305 Grünberg","35390 | 35305","Gießen | Grünberg","Wahlkreisbüro
Kirchenplatz 2
35390 Gießen
---
Bürgerbüro Grünberg
Alsfelder Straße 6
35305 Grünberg"
"1048526","Donth, Michael","CDU/CSU","https://www.bundestag.de/abgeordnete/biografien/D/donth_michael-1048526","true","1","Seestraße 6 - 8, 72764 Reutlingen","72764","Reutlingen","Seestraße 6 - 8
72764 Reutlingen"
"1048528","Dorn, Dr. Florian","CDU/CSU","https://www.bundestag.de/abgeordnete/biografien/D/dorn_florian-1048528","false","0","","","",""
"1044090","Douglas, Christian","AfD","https://www.bundestag.de/abgeordnete/biografien/D/douglas_christian-1044090","false","0","","","",""
"1044100","Dröge, Katharina","Bündnis 90/Die Grünen","https://www.bundestag.de/abgeordnete/biografien/D/droege_katharina-1044100","true","1","Ebertplatz 23, 50668 Köln","50668","Köln","Ebertplatz 23
50668 Köln"
"1044106","Drößler, Christopher","AfD","https://www.bundestag.de/abgeordnete/biografien/D/droessler_christopher-1044106","true","1","AfD Wahlkreisbüro Eichsfeld, Wilhemstraße 6, 37308 Heilbad Heiligenstadt, AfD Wahlkreisbüro Nordhausen, Vor dem Hagentor 3, 99734 Nordhausen, AfD Wahlkreisbüro Kyffhäuserkreis, Poststraße 29, 06567 Bad Frankenhausen","37308","Heilbad Heiligenstadt","AfD Wahlkreisbüro Eichsfeld
Wilhemstraße 6
37308 Heilbad Heiligenstadt
AfD Wahlkreisbüro Nordhausen
Vor dem Hagentor 3
99734 Nordhausen
AfD Wahlkreisbüro Kyffhäuserkreis
Poststraße 29
06567 Bad Frankenhausen"
"1044108","Droßmann, Falko","SPD","https://www.bundestag.de/abgeordnete/biografien/D/drossmann_falko-1044108","true","1","Kurt-Schumacher-Allee 10, 20097 Hamburg","20097","Hamburg","Kurt-Schumacher-Allee 10
20097 Hamburg"
"1044112","Düber, Dr. Hülya","CDU/CSU","https://www.bundestag.de/abgeordnete/biografien/D/dueber_huelya-1044112","true","1","Steinachstr. 3b, 97082 Würzburg","97082","Würzburg","Steinachstr. 3b
97082 Würzburg"
"1044118","Düring, Deborah","Bündnis 90/Die Grünen","https://www.bundestag.de/abgeordnete/biografien/D/duering_deborah-1044118","true","1","Oppenheimer Straße 17, 60594 Frankfurt","60594","Frankfurt","Oppenheimer Straße 17
60594 Frankfurt"
"1048536","Durz, Hansjörg","CDU/CSU","https://www.bundestag.de/abgeordnete/biografien/D/durz_hansjoerg-1048536","true","1","Heilig-Kreuz-Straße 24, 86152 Augsburg","86152","Augsburg","Heilig-Kreuz-Straße 24
86152 Augsburg"
"1044128","Dzienus, Timon","Bündnis 90/Die Grünen","https://www.bundestag.de/abgeordnete/biografien/D/dzienus_timon-1044128","false","0","","","",""
"1044132","Ebenberger, Tobias","AfD","https://www.bundestag.de/abgeordnete/biografien/E/ebenberger_tobias-1044132","false","0","","","",""
"1044138","Ebmeyer, Joachim","CDU/CSU","https://www.bundestag.de/abgeordnete/biografien/E/ebmeyer_joachim-1044138","true","1","Clarenstr. 13, 32052 Herford","32052","Herford","Clarenstr. 13
32052 Herford"
"1044140","Ebner, Harald","Bündnis 90/Die Grünen","https://www.bundestag.de/abgeordnete/biografien/E/ebner_harald-1044140","true","1","Blendstatt 3, 74523 Schwäbisch Hall","74523","Schwäbisch Hall","Blendstatt 3
74523 Schwäbisch Hall"
"1044146","Eckert, Leon","Bündnis 90/Die Grünen","https://www.bundestag.de/abgeordnete/biografien/E/eckert_leon-1044146","true","2","Wahlkreisbüro Pfaffenhofen an der Ilm, Riederweg 8, 85276 Pfaffenhofen an der Ilm | Wahlkreisbüro Freising, Ziegelgasse 11, 85354 Freising","85276 | 85354","Pfaffenhofen an der Ilm | Freising","Wahlkreisbüro Pfaffenhofen an der Ilm
Riederweg 8
85276 Pfaffenhofen an der Ilm
---
Wahlkreisbüro Freising
Ziegelgasse 11
85354 Freising"
"1048538","Edelhäußer, Ralph","CDU/CSU","https://www.bundestag.de/abgeordnete/biografien/E/edelhaeusser_ralph-1048538","true","1","Hauptstraße 7, 91154 Roth","91154","Roth","Hauptstraße 7
91154 Roth"
"1044156","Edis, Mirze","Die Linke","https://www.bundestag.de/abgeordnete/biografien/E/edis_mirze-1044156","true","1","Wallstraße 19, 47051 Duisburg","47051","Duisburg","Wallstraße 19
47051 Duisburg"
"1044168","Ehm, Lars","CDU/CSU","https://www.bundestag.de/abgeordnete/biografien/E/ehm_lars-1044168","true","1","Loestraße 14, 45768 Marl","45768","Marl","Loestraße 14
45768 Marl"
"1044174","Eichwede, Sonja","SPD","https://www.bundestag.de/abgeordnete/biografien/E/eichwede_sonja-1044174","true","1","Bürger-/Wahlkreisbüro, Ritterstraße 81, 14770 Brandenburg an der Havel","14770","Brandenburg an der Havel","Bürger-/Wahlkreisbüro
Ritterstraße 81
14770 Brandenburg an der Havel"
"1044186","Eißing, Mandy","Die Linke","https://www.bundestag.de/abgeordnete/biografien/E/eissing_mandy-1044186","true","3","Wahlkreisbüro Hermsdorf, Naumburger Str. 8, 07629 Hermsdorf | Wahlkreisbüro Pößneck, Schuhgasse 15, 07381 Pößneck | Wahlkreisbüro Bad Lobenstein, Ernst-Thälmann-Str. 5, 07356 Bad Lobenstein","07629 | 07381 | 07356","Hermsdorf | Pößneck | Bad Lobenstein","Wahlkreisbüro Hermsdorf
Naumburger Str. 8
07629 Hermsdorf
---
Wahlkreisbüro Pößneck
Schuhgasse 15
07381 Pößneck
---
Wahlkreisbüro Bad Lobenstein
Ernst-Thälmann-Str. 5
07356 Bad Lobenstein"
"1044196","Emmerich, Marcel","Bündnis 90/Die Grünen","https://www.bundestag.de/abgeordnete/biografien/E/emmerich_marcel-1044196","true","1","Heimstraße 7, 89073 Ulm","89073","Ulm","Heimstraße 7
89073 Ulm"
"1048558","Engelhard, Alexander","CDU/CSU","https://www.bundestag.de/abgeordnete/biografien/E/engelhard_alexander-1048558","false","0","","","",""
"1044208","Englhardt-Kopf, Martina","CDU/CSU","https://www.bundestag.de/abgeordnete/biografien/E/englhardt_kopf_martina-1044208","false","0","","","",""
"1048566","Erndl, Thomas","CDU/CSU","https://www.bundestag.de/abgeordnete/biografien/E/erndl_thomas-1048566","true","2","Wahlkreisbüro Deggendorf, Bahnhofstraße 88, 94469 Deggendorf | Wahlkreisbüro Freyung, Stadtplatz 1, 94078 Freyung","94469 | 94078","Deggendorf | Freyung","Wahlkreisbüro Deggendorf
Bahnhofstraße 88
94469 Deggendorf
---
Wahlkreisbüro Freyung
Stadtplatz 1
94078 Freyung"
"1044216","Ernst, Bastian","CDU/CSU","https://www.bundestag.de/abgeordnete/biografien/E/ernst_bastian-1044216","true","2","Wahlkreisbüro Delmenhorst, Annette-Schwarz-Haus, CDU Delmenhorst, Mühlenstraße 14, 27753 Delmenhorst | Wahlkreisbüro Berne, Lange Straße 15, 27804 Berne","27753 | 27804","Delmenhorst | Berne","Wahlkreisbüro Delmenhorst
Annette-Schwarz-Haus
CDU Delmenhorst
Mühlenstraße 14
27753 Delmenhorst
---
Wahlkreisbüro Berne
Lange Straße 15
27804 Berne"
"1044222","Esdar, Dr. Wiebke","SPD","https://www.bundestag.de/abgeordnete/biografien/E/esdar_wiebke-1044222","true","1","Arndtstraße 6 - 8, 33602 Bielefeld","33602","Bielefeld","Arndtstraße 6 - 8
33602 Bielefeld"
"1044226","Esken, Saskia","SPD","https://www.bundestag.de/abgeordnete/biografien/E/esken_saskia-1044226","true","1","Bürgerbüro, Lederstraße 25, 75365 Calw","75365","Calw","Bürgerbüro
Lederstraße 25
75365 Calw"
"1044228","Espendiller, Dr. Michael","AfD","https://www.bundestag.de/abgeordnete/biografien/E/espendiller_michael-1044228","false","0","","","",""
"1044260","Färber, Hermann","CDU/CSU","https://www.bundestag.de/abgeordnete/biografien/F/faerber_hermann-1044260","true","1","Heidenheimer Straße 68, 73079 Süßen","73079","Süßen","Heidenheimer Straße 68
73079 Süßen"
"1044244","Faeser, Nancy","SPD","https://www.bundestag.de/abgeordnete/biografien/F/faeser_nancy-1044244","true","1","Nordring 33, 65719 Hofheim","65719","Hofheim","Nordring 33
65719 Hofheim"
"1044246","Fahl, Dr. Fabian","Die Linke","https://www.bundestag.de/abgeordnete/biografien/F/fahl_fabian-1044246","true","2","Wahlkreisbüro Aachen, Dennewartstraße 1, 52068 Aachen | Bürgerbüro Heinsberg, Auf dem Brand 2, 52525 Heinsberg","52068 | 52525","Aachen | Heinsberg","Wahlkreisbüro Aachen
Dennewartstraße 1
52068 Aachen
---
Bürgerbüro Heinsberg
Auf dem Brand 2
52525 Heinsberg"
"1044266","Fechner, Dr. Johannes","SPD","https://www.bundestag.de/abgeordnete/biografien/F/fechner_johannes-1044266","true","1","Landvogtei 5, 79312 Emmendingen","79312","Emmendingen","Landvogtei 5
79312 Emmendingen"
"1044272","Fehre, Micha","AfD","https://www.bundestag.de/abgeordnete/biografien/F/fehre_micha-1044272","false","0","","","",""
"1044276","Feiler, Uwe","CDU/CSU","https://www.bundestag.de/abgeordnete/biografien/F/feiler_uwe-1044276","true","1","Wahlkreisbüro Oranienburg, Berliner Straße 119, Südcenter Aufgang A, 16515 Oranienburg","16515","Oranienburg","Wahlkreisbüro Oranienburg
Berliner Straße 119
Südcenter Aufgang A
16515 Oranienburg"
"1044286","Felser, Peter","AfD","https://www.bundestag.de/abgeordnete/biografien/F/felser_peter-1044286","true","1","Daimlerstraße 22, 87437 Kempten","87437","Kempten","Daimlerstraße 22
87437 Kempten"
"1044292","Feser, Jan","AfD","https://www.bundestag.de/abgeordnete/biografien/F/feser_jan-1044292","false","0","","","",""
"1044296","Fetsch, Thomas","AfD","https://www.bundestag.de/abgeordnete/biografien/F/fetsch_thomas-1044296","false","0","","","",""
"1044300","Fey, Katrin","Die Linke","https://www.bundestag.de/abgeordnete/biografien/F/fey_katrin-1044300","false","0","","","",""
"1044302","Fiedler, Sebastian","SPD","https://www.bundestag.de/abgeordnete/biografien/F/fiedler_sebastian-1044302","false","0","","","",""
"1044304","Finger, Hauke","AfD","https://www.bundestag.de/abgeordnete/biografien/F/finger_hauke-1044304","false","0","","","",""
"1044328","Fischer, Simone","Bündnis 90/Die Grünen","https://www.bundestag.de/abgeordnete/biografien/F/fischer_simone-1044328","false","0","","","",""
"1044356","Foullong, Uwe","Die Linke","https://www.bundestag.de/abgeordnete/biografien/F/foullong_uwe-1044356","false","0","","","",""
"1044368","Frauenpreiß, Christoph","CDU/CSU","https://www.bundestag.de/abgeordnete/biografien/F/frauenpreiss_christoph-1044368","true","2","Wahlkreisbüro Cuxhaven, Wilhelm-Heidsiek-Straße 23, 27472 Cuxhaven | Wahlkreisbüro Stade, Poststraße 34, 21682 Stade","27472 | 21682","Cuxhaven | Stade","Wahlkreisbüro Cuxhaven
Wilhelm-Heidsiek-Straße 23
27472 Cuxhaven
---
Wahlkreisbüro Stade
Poststraße 34
21682 Stade"
"1044370","Frei, Thorsten","CDU/CSU","https://www.bundestag.de/abgeordnete/biografien/F/frei_thorsten-1044370","true","1","Justinus-Kerner-Straße 5, 78048 Villingen-Schwenningen","78048","Villingen-Schwenningen","Justinus-Kerner-Straße 5
78048 Villingen-Schwenningen"
"1044396","Frieser, Michael","CDU/CSU","https://www.bundestag.de/abgeordnete/biografien/F/frieser_michael-1044396","true","1","Jakobstraße 46, 90402 Nürnberg","90402","Nürnberg","Jakobstraße 46
90402 Nürnberg"
"1044408","Frömming, Dr. Götz","AfD","https://www.bundestag.de/abgeordnete/biografien/F/froemming_goetz-1044408","false","0","","","",""
"1044406","Frohnmaier, Markus","AfD","https://www.bundestag.de/abgeordnete/biografien/F/frohnmaier_markus-1044406","false","0","","","",""
"1044428","Galla, Rainer","AfD","https://www.bundestag.de/abgeordnete/biografien/G/galla_rainer-1044428","false","0","","","",""
"1044434","Gamanov, Boris","AfD","https://www.bundestag.de/abgeordnete/biografien/G/gamanov_boris-1044434","false","0","","","",""
"1044436","Gambir, Schahina","Bündnis 90/Die Grünen","https://www.bundestag.de/abgeordnete/biografien/G/gambir_schahina-1044436","true","1","Wahlkreisbüro Schahina Gambir, MdB, Fraktion Bündnis 90/Die Grünen, Bartlingshof 12, 32423 Minden","32423","Minden","Wahlkreisbüro Schahina Gambir, MdB
Fraktion Bündnis 90/Die Grünen
Bartlingshof 12
32423 Minden"
"1044446","Gastel, Matthias","Bündnis 90/Die Grünen","https://www.bundestag.de/abgeordnete/biografien/G/gastel_matthias-1044446","false","0","","","",""
"1044448","Gauland, Dr. Alexander","AfD","https://www.bundestag.de/abgeordnete/biografien/G/gauland_alexander-1044448","false","0","","","",""
"1044460","Gebel, Kathrin","Die Linke","https://www.bundestag.de/abgeordnete/biografien/G/gebel_kathrin-1044460","true","2","Wahlkreisbüro Essen, Frohnhauser Straße 259, 45144 Essen | Wahlkreisbüro Münster, Achtermannstraße 19, 48143 Münster, Startseite, Abgeordnete, Biografien, G, zurück zu: Biografien, (), Instagram, Instagram-Kanäle, Bundestag, (Externer Link, Link öffnet ein neues Fenster), Bundestagspräsidentin, (Externer Link, Link öffnet ein neues Fenster), LinkedIn, Mastodon, Mastodon-Kanäle, Bundestag, (Externer Link, Link öffnet ein neues Fenster), hib-Nachrichten, (Externer Link, Link öffnet ein neues Fenster), WhatsApp, YouTube, Hilfe, Kontakt, Inhaltsübersicht, Instagram, Instagram-Kanäle, Bundestag, (Externer Link, Link öffnet ein neues Fenster), Bundestagspräsidentin, (Externer Link, Link öffnet ein neues Fenster), LinkedIn, Mastodon, Mastodon-Kanäle, Bundestag, (Externer Link, Link öffnet ein neues Fenster), hib-Nachrichten, (Externer Link, Link öffnet ein neues Fenster), WhatsApp, YouTube, Barrierefreiheit, Datenschutz, Impressum, © Deutscher Bundestag, Ausdruck aus dem Internet-Angebot des Deutschen Bundestages, https://www.bundestag.de/abgeordnete/biografien/G/gebel_kathrin-1044460, Stand: 04.07.2026","45144 | 48143","Essen | Münster","Wahlkreisbüro Essen
Frohnhauser Straße 259
45144 Essen
---
Wahlkreisbüro Münster
Achtermannstraße 19
48143 Münster
Startseite
Abgeordnete
Biografien
G
zurück zu: Biografien
()
Instagram
Instagram-Kanäle
Bundestag
(Externer Link, Link öffnet ein neues Fenster)
Bundestagspräsidentin
(Externer Link, Link öffnet ein neues Fenster)
LinkedIn
Mastodon
Mastodon-Kanäle
Bundestag
(Externer Link, Link öffnet ein neues Fenster)
hib-Nachrichten
(Externer Link, Link öffnet ein neues Fenster)
WhatsApp
YouTube
Hilfe
Kontakt
Inhaltsübersicht
Instagram
Instagram-Kanäle
Bundestag
(Externer Link, Link öffnet ein neues Fenster)
Bundestagspräsidentin
(Externer Link, Link öffnet ein neues Fenster)
LinkedIn
Mastodon
Mastodon-Kanäle
Bundestag
(Externer Link, Link öffnet ein neues Fenster)
hib-Nachrichten
(Externer Link, Link öffnet ein neues Fenster)
WhatsApp
YouTube
Barrierefreiheit
Datenschutz
Impressum
© Deutscher Bundestag
Ausdruck aus dem Internet-Angebot des Deutschen Bundestages
https://www.bundestag.de/abgeordnete/biografien/G/gebel_kathrin-1044460
Stand: 04.07.2026"
"1044462","Gebhard, Wilhelm","CDU/CSU","https://www.bundestag.de/abgeordnete/biografien/G/gebhard_wilhelm-1044462","true","2","Wahlkreisbüro Eschwege, Herrengasse 9, 37269 Eschwege | Wahlkreisbüro Bad Hersfeld, Hof Meisebach, 36251 Bad Hersfeld, Postfachadresse, Postfach 1237, 36222 Bad Hersfeld","37269 | 36251","Eschwege | Bad Hersfeld","Wahlkreisbüro Eschwege
Herrengasse 9
37269 Eschwege
---
Wahlkreisbüro Bad Hersfeld
Hof Meisebach
36251 Bad Hersfeld
Postfachadresse
Postfach 1237
36222 Bad Hersfeld"
"1044466","Gebhart, Dr. Thomas","CDU/CSU","https://www.bundestag.de/abgeordnete/biografien/G/gebhart_thomas-1044466","true","1","Max-Planck-Straße 6, 76829 Landau/Pfalz","76829","Landau/Pfalz","Max-Planck-Straße 6
76829 Landau/Pfalz"
"1048618","Geissler, Dr. Jonas","CDU/CSU","https://www.bundestag.de/abgeordnete/biografien/G/geissler_jonas-1048618","true","1","Löwenstraße 11, 96450 Coburg","96450","Coburg","Löwenstraße 11
96450 Coburg"
"1044470","Gennburg, Katalin","Die Linke","https://www.bundestag.de/abgeordnete/biografien/G/gennburg_katalin-1044470","true","1","Henny-Porten-Straße 10-12, 12627 Berlin","12627","Berlin","Henny-Porten-Straße 10-12
12627 Berlin"
"1044480","Gerster, Martin","SPD","https://www.bundestag.de/abgeordnete/biografien/G/gerster_martin-1044480","true","1","Gymnasiumstr. 12/2, 88400 Biberach","88400","Biberach","Gymnasiumstr. 12/2
88400 Biberach"
"1044484","Gesenhues, Dr. Jan-Niclas","Bündnis 90/Die Grünen","https://www.bundestag.de/abgeordnete/biografien/G/gesenhues_jan-1044484","true","1","Bahnhofstraße 9, 48282 Emsdetten","48282","Emsdetten","Bahnhofstraße 9
48282 Emsdetten"
"1044490","Giersch, Alexis L.","AfD","https://www.bundestag.de/abgeordnete/biografien/G/giersch_alexis-1044490","false","0","","","",""
"1044508","Gläser, Ronald","AfD","https://www.bundestag.de/abgeordnete/biografien/G/glaeser_ronald-1044508","false","0","","","",""
"1048634","Glaser, Stefan","CDU/CSU","https://www.bundestag.de/abgeordnete/biografien/G/glaser_stefan-1048634","true","1","Luisenstraße 6, 79539 Lörrach","79539","Lörrach","Luisenstraße 6
79539 Lörrach"
"1044506","Glaser, Vinzenz","Die Linke","https://www.bundestag.de/abgeordnete/biografien/G/glaser_vinzenz-1044506","true","1","Sundgauallee 49, 79114 Freiburg, Lange Straße 18, 77652 Offenburg","79114","Freiburg","Sundgauallee 49
79114 Freiburg
Lange Straße 18
77652 Offenburg"
"1044518","Glöckner, Angelika","SPD","https://www.bundestag.de/abgeordnete/biografien/G/gloeckner_angelika-1044518","false","0","","","",""
"1044526","Gnauck, Hannes","AfD","https://www.bundestag.de/abgeordnete/biografien/G/gnauck_hannes-1044526","true","2","Wahlkreisbüro Angermünde, Rosenstraße 13, 16278 Angermünde | Wahlkreisbüro Prenzlau, Steinstr. 30, 17291 Prenzlau","16278 | 17291","Angermünde | Prenzlau","Wahlkreisbüro Angermünde
Rosenstraße 13
16278 Angermünde
---
Wahlkreisbüro Prenzlau
Steinstr. 30
17291 Prenzlau"
"1044556","Göring-Eckardt, Katrin","Bündnis 90/Die Grünen","https://www.bundestag.de/abgeordnete/biografien/G/goering_eckardt_katrin-1044556","false","0","","","",""
"1044558","Görke, Christian","Die Linke","https://www.bundestag.de/abgeordnete/biografien/G/goerke_christian-1044558","false","0","","","",""
"1044540","Gohlke, Nicole","Die Linke","https://www.bundestag.de/abgeordnete/biografien/G/gohlke_nicole-1044540","true","1","Schwanthaler Straße 139, 80339 München","80339","München","Schwanthaler Straße 139
80339 München"
"1044566","Goßner, Hans-Jürgen","AfD","https://www.bundestag.de/abgeordnete/biografien/G/gossner_hans-1044566","true","1","Marktstraße 8, 73033 Göppingen","73033","Göppingen","Marktstraße 8
73033 Göppingen"
"1044570","Gottschalk, Kay","AfD","https://www.bundestag.de/abgeordnete/biografien/G/gottschalk_kay-1044570","false","0","","","",""
"1048650","Gräßle, Dr. Inge","CDU/CSU","https://www.bundestag.de/abgeordnete/biografien/G/graessle_ingeborg-1048650","true","1","Rinderbacher Gasse 3, 73525 Schwäbisch Gmünd","73525","Schwäbisch Gmünd","Rinderbacher Gasse 3
73525 Schwäbisch Gmünd"
"1048646","Gramling, Fabian","CDU/CSU","https://www.bundestag.de/abgeordnete/biografien/G/gramling_fabian-1048646","true","1","Pleidelsheimer Straße 13/1, 74321 Bietigheim-Bissingen","74321","Bietigheim-Bissingen","Pleidelsheimer Straße 13/1
74321 Bietigheim-Bissingen"
"1044590","Grasse, Adrian","CDU/CSU","https://www.bundestag.de/abgeordnete/biografien/G/grasse_adrian-1044590","false","0","","","",""
"1044594","Grau, Prof. Dr. Armin","Bündnis 90/Die Grünen","https://www.bundestag.de/abgeordnete/biografien/G/grau_armin-1044594","true","1","Burgunderplatz 7 a, 67117 Limburgerhof","67117","Limburgerhof","Burgunderplatz 7 a
67117 Limburgerhof"
"1044600","Gregosz, David","CDU/CSU","https://www.bundestag.de/abgeordnete/biografien/G/gregosz_david-1044600","true","3","Wahlkreisbüro Eichsfeld, Wilhelmstraße 20, 37308 Heilbad Heiligenstadt | Wahlkreisbüro Nordhausen, Bahnhofstraße 15/16, 99734 Nordhausen | Wahlkreisbüro Kyffhäuserkreis, Hauptstraße 20, 99706 Sondershausen","37308 | 99734 | 99706","Heilbad Heiligenstadt | Nordhausen | Sondershausen","Wahlkreisbüro Eichsfeld
Wilhelmstraße 20
37308 Heilbad Heiligenstadt
---
Wahlkreisbüro Nordhausen
Bahnhofstraße 15/16
99734 Nordhausen
---
Wahlkreisbüro Kyffhäuserkreis
Hauptstraße 20
99706 Sondershausen"
"1044602","Griese, Kerstin","SPD","https://www.bundestag.de/abgeordnete/biografien/G/griese_kerstin-1044602","false","0","","","",""
"1048654","Grimm, Christoph","AfD","https://www.bundestag.de/abgeordnete/biografien/G/grimm_christoph-1048654","true","1","Lindenstr. 2, 19089 Crivitz","19089","Crivitz","Lindenstr. 2
19089 Crivitz"
"1044618","Groß, Rainer","AfD","https://www.bundestag.de/abgeordnete/biografien/G/gross_karl-1044618","false","0","","","",""
"1044642","Güler, Serap","CDU/CSU","https://www.bundestag.de/abgeordnete/biografien/G/gueler_serap-1044642","true","1","Hauptstraße 390, 51143 Köln","51143","Köln","Hauptstraße 390
51143 Köln"
"1044652","Günther, Georg","CDU/CSU","https://www.bundestag.de/abgeordnete/biografien/G/guenther_georg-1044652","false","0","","","",""
"1044656","Güntzler, Fritz","CDU/CSU","https://www.bundestag.de/abgeordnete/biografien/G/guentzler_fritz-1044656","true","1","Reinhäuser Landstraße 5, 37083 Göttingen","37083","Göttingen","Reinhäuser Landstraße 5
37083 Göttingen"
"1044658","Gürpinar, Ates","Die Linke","https://www.bundestag.de/abgeordnete/biografien/G/guerpinar_ates-1044658","true","1","Steinbökstraße 14, 83022 Rosenheim","83022","Rosenheim","Steinbökstraße 14
83022 Rosenheim"
"1044644","Gumnior, Dr. Lena","Bündnis 90/Die Grünen","https://www.bundestag.de/abgeordnete/biografien/G/gumnior_lena-1044644","true","1","Wahlkreisbüro Bündnis 90/Die Grünen, Grüne Straße 29, 27283 Verden","27283","Verden","Wahlkreisbüro Bündnis 90/Die Grünen
Grüne Straße 29
27283 Verden"
"1048666","Gutting, Olav","CDU/CSU","https://www.bundestag.de/abgeordnete/biografien/G/gutting_olav-1048666","false","0","","","",""
"1044670","Gysi, Dr. Gregor","Die Linke","https://www.bundestag.de/abgeordnete/biografien/G/gysi_gregor-1044670","true","1","Brückenstraße 28, 12439 Berlin","12439","Berlin","Brückenstraße 28
12439 Berlin"
"1048668","Haase, Christian","CDU/CSU","https://www.bundestag.de/abgeordnete/biografien/H/haase_christian-1048668","true","2","Wahlkreisbüro Höxter, Zur Lüre 50, 37671 Höxter | Wahlkreisbüro Lippe, Emilienstr. 12, 32756 Detmold, CDU Gütersloh, Moltkestr. 56,, 33330 Gütersloh","37671 | 32756","Höxter | Detmold","Wahlkreisbüro Höxter
Zur Lüre 50
37671 Höxter
---
Wahlkreisbüro Lippe
Emilienstr. 12
32756 Detmold
CDU Gütersloh
Moltkestr. 56,
33330 Gütersloh"
"1044672","Habeck, Dr. Robert","Bündnis 90/Die Grünen","https://www.bundestag.de/abgeordnete/biografien/H/habeck_robert-1044672","false","0","","","",""
"1044684","Hagedorn, Bettina","SPD","https://www.bundestag.de/abgeordnete/biografien/H/hagedorn_bettina-1044684","true","1","Wahlkreisbüro, Lübecker Straße 6, 23701 Eutin","23701","Eutin","Wahlkreisbüro
Lübecker Straße 6
23701 Eutin"
"1044694","Hahn, Florian","CDU/CSU","https://www.bundestag.de/abgeordnete/biografien/H/hahn_florian-1044694","false","0","","","",""
"1044696","Hahn, Prof. Dr. Ingo","AfD","https://www.bundestag.de/abgeordnete/biografien/H/hahn_ingo-1044696","false","0","","","",""
"1044706","Hain, Heiko","CDU/CSU","https://www.bundestag.de/abgeordnete/biografien/H/hain_heiko-1044706","true","1","Schützenstraße 1, 95028 Hof","95028","Hof","Schützenstraße 1
95028 Hof"
"1044710","Haise, Lars","AfD","https://www.bundestag.de/abgeordnete/biografien/H/haise_lars-1044710","false","0","","","",""
"1044714","Hakverdi, Metin","SPD","https://www.bundestag.de/abgeordnete/biografien/H/hakverdi_metin-1044714","false","0","","","",""
"1044728","Hanker, Mirco","AfD","https://www.bundestag.de/abgeordnete/biografien/H/hanker_mirco-1044728","true","1","Goethestraße 46, 38440 Wolfsburg, Startseite, Abgeordnete, Biografien, H, zurück zu: Biografien, (), Instagram, Instagram-Kanäle, Bundestag, (Externer Link, Link öffnet ein neues Fenster), Bundestagspräsidentin, (Externer Link, Link öffnet ein neues Fenster), LinkedIn, Mastodon, Mastodon-Kanäle, Bundestag, (Externer Link, Link öffnet ein neues Fenster), hib-Nachrichten, (Externer Link, Link öffnet ein neues Fenster), WhatsApp, YouTube, Hilfe, Kontakt, Inhaltsübersicht, Instagram, Instagram-Kanäle, Bundestag, (Externer Link, Link öffnet ein neues Fenster), Bundestagspräsidentin, (Externer Link, Link öffnet ein neues Fenster), LinkedIn, Mastodon, Mastodon-Kanäle, Bundestag, (Externer Link, Link öffnet ein neues Fenster), hib-Nachrichten, (Externer Link, Link öffnet ein neues Fenster), WhatsApp, YouTube, Barrierefreiheit, Datenschutz, Impressum, © Deutscher Bundestag, Ausdruck aus dem Internet-Angebot des Deutschen Bundestages, https://www.bundestag.de/abgeordnete/biografien/H/hanker_mirco-1044728, Stand: 04.07.2026","38440","Wolfsburg","Goethestraße 46
38440 Wolfsburg
Startseite
Abgeordnete
Biografien
H
zurück zu: Biografien
()
Instagram
Instagram-Kanäle
Bundestag
(Externer Link, Link öffnet ein neues Fenster)
Bundestagspräsidentin
(Externer Link, Link öffnet ein neues Fenster)
LinkedIn
Mastodon
Mastodon-Kanäle
Bundestag
(Externer Link, Link öffnet ein neues Fenster)
hib-Nachrichten
(Externer Link, Link öffnet ein neues Fenster)
WhatsApp
YouTube
Hilfe
Kontakt
Inhaltsübersicht
Instagram
Instagram-Kanäle
Bundestag
(Externer Link, Link öffnet ein neues Fenster)
Bundestagspräsidentin
(Externer Link, Link öffnet ein neues Fenster)
LinkedIn
Mastodon
Mastodon-Kanäle
Bundestag
(Externer Link, Link öffnet ein neues Fenster)
hib-Nachrichten
(Externer Link, Link öffnet ein neues Fenster)
WhatsApp
YouTube
Barrierefreiheit
Datenschutz
Impressum
© Deutscher Bundestag
Ausdruck aus dem Internet-Angebot des Deutschen Bundestages
https://www.bundestag.de/abgeordnete/biografien/H/hanker_mirco-1044728
Stand: 04.07.2026"
"1044742","Hardt, Jürgen","CDU/CSU","https://www.bundestag.de/abgeordnete/biografien/H/hardt_juergen-1044742","true","3","Wahlkreisbüro Remscheid, Konrad-Adenauer-Straße 7, 42855 Remscheid | Wahlkreisbüro Solingen, Elisenstraße 11, 42651 Solingen | Wahlkreisbüro Wuppertal, Höhne 41, 42275 Wuppertal","42855 | 42651 | 42275","Remscheid | Solingen | Wuppertal","Wahlkreisbüro Remscheid
Konrad-Adenauer-Straße 7
42855 Remscheid
---
Wahlkreisbüro Solingen
Elisenstraße 11
42651 Solingen
---
Wahlkreisbüro Wuppertal
Höhne 41
42275 Wuppertal"
"1044764","Hartmann, Sebastian","SPD","https://www.bundestag.de/abgeordnete/biografien/H/hartmann_sebastian-1044764","true","1","Frankfurter Str. 47, 53840 Troisdorf","53840","Troisdorf","Frankfurter Str. 47
53840 Troisdorf"
"1044778","Haßelmann, Britta","Bündnis 90/Die Grünen","https://www.bundestag.de/abgeordnete/biografien/H/hasselmann_britta-1044778","true","1","Wahlkreisbüro Bielefeld, Kavalleriestr. 26, 33602 Bielefeld","33602","Bielefeld","Wahlkreisbüro Bielefeld
Kavalleriestr. 26
33602 Bielefeld"
"1044780","Hauer, Matthias","CDU/CSU","https://www.bundestag.de/abgeordnete/biografien/H/hauer_matthias-1044780","true","1","Blücherstr. 1, 45141 Essen","45141","Essen","Blücherstr. 1
45141 Essen"
"1044782","Haug, Jochen","AfD","https://www.bundestag.de/abgeordnete/biografien/H/haug_jochen-1044782","false","0","","","",""
"1044824","Heil, Hubertus","SPD","https://www.bundestag.de/abgeordnete/biografien/H/heil_hubertus-1044824","true","1","Goethestraße 16, 31224 Peine, Steinweig 11, 38518 Gifhorn","31224","Peine","Goethestraße 16
31224 Peine
Steinweig 11
38518 Gifhorn"
"1044822","Heil, Mechthild","CDU/CSU","https://www.bundestag.de/abgeordnete/biografien/H/heil_mechthild-1044822","false","0","","","",""
"1044826","Heiligenstadt, Frauke","SPD","https://www.bundestag.de/abgeordnete/biografien/H/heiligenstadt_frauke-1044826","true","2","Scharnhorstplatz 8, 37154 Northeim | Wahlkreisbüro Goslar, Okerstraße 32, 38640 Goslar","37154 | 38640","Northeim | Goslar","Scharnhorstplatz 8
37154 Northeim
---
Wahlkreisbüro Goslar
Okerstraße 32
38640 Goslar"
"1044842","Heinrich, Gabriela","SPD","https://www.bundestag.de/abgeordnete/biografien/H/heinrich_gabriela-1044842","true","1","Karl-Bröger-Str. 9, 90459 Nürnberg","90459","Nürnberg","Karl-Bröger-Str. 9
90459 Nürnberg"
"1044850","Heitmann, Linda","Bündnis 90/Die Grünen","https://www.bundestag.de/abgeordnete/biografien/H/heitmann_linda-1044850","true","1","Königstraße 14, 22767 Hamburg","22767","Hamburg","Königstraße 14
22767 Hamburg"
"1044860","Helferich, Matthias","AfD","https://www.bundestag.de/abgeordnete/biografien/H/helferich_matthias-1044860","false","0","","","",""
"1044862","Helfrich, Mark","CDU/CSU","https://www.bundestag.de/abgeordnete/biografien/H/helfrich_mark-1044862","true","2","Wahlkreisbüro Itzehoe, Feldschmiede 77 A, 25524 Itzehoe | Wahlkreisbüro Heide, Neue Anlage 17, 25746 Heide","25524 | 25746","Itzehoe | Heide","Wahlkreisbüro Itzehoe
Feldschmiede 77 A
25524 Itzehoe
---
Wahlkreisbüro Heide
Neue Anlage 17
25746 Heide"
"1044878","Hemmelgarn, Udo Theodor","AfD","https://www.bundestag.de/abgeordnete/biografien/H/hemmelgarn_udo-1044878","false","0","","","",""
"1048708","Henrichmann, Marc","CDU/CSU","https://www.bundestag.de/abgeordnete/biografien/H/henrichmann_marc-1048708","true","1","Zapfeweg 18, 48653 Coesfeld","48653","Coesfeld","Zapfeweg 18
48653 Coesfeld"
"1044902","Henze, Stefan","AfD","https://www.bundestag.de/abgeordnete/biografien/H/henze_stefan-1044902","false","0","","","",""
"1044916","Herbstreuth, Diana","CDU/CSU","https://www.bundestag.de/abgeordnete/biografien/H/herbstreuth_diana-1044916","true","3","Wahlkreisbüro Saale-Orla-Kreis, Geraer Straße 12, 07907 Schleiz, Telefon: +49 (0)3663 425-2462 | Wahlkreisbüro Saale-Holzland-Kreis, Steinweg 14, 07607 Eisenberg, Telefon: +49 (0)36691 240-425 | Wahlkreisbüro Saalfeld-Rudolstadt, Obere Straße 17, 07318 Saalfeld, Telefon: +49 (0)3671 529-586","07907 | 07607 | 07318","Schleiz | Eisenberg | Saalfeld","Wahlkreisbüro Saale-Orla-Kreis
Geraer Straße 12
07907 Schleiz
Telefon: +49 (0)3663 425-2462
---
Wahlkreisbüro Saale-Holzland-Kreis
Steinweg 14
07607 Eisenberg
Telefon: +49 (0)36691 240-425
---
Wahlkreisbüro Saalfeld-Rudolstadt
Obere Straße 17
07318 Saalfeld
Telefon: +49 (0)3671 529-586"
"1044924","Hermeier, Mareike","Die Linke","https://www.bundestag.de/abgeordnete/biografien/H/hermeier_mareike-1044924","true","1","MdB Mareike Hermeier, Parallelstraße 26, 48683 Ahaus","48683","Ahaus","MdB Mareike Hermeier
Parallelstraße 26
48683 Ahaus"
"1044944","Heselhaus, Nadine","SPD","https://www.bundestag.de/abgeordnete/biografien/H/heselhaus_nadine-1044944","true","1","Goldstraße 5, 46325 Borken","46325","Borken","Goldstraße 5
46325 Borken"
"1044948","Hess, Martin","AfD","https://www.bundestag.de/abgeordnete/biografien/H/hess_martin-1044948","true","1","Strombergstr. 21, 71636 Ludwigsburg","71636","Ludwigsburg","Strombergstr. 21
71636 Ludwigsburg"
"1044950","Hess, Nicole","AfD","https://www.bundestag.de/abgeordnete/biografien/H/hess_nicole-1044950","false","0","","","",""
"1044962","Heubach, Heike","SPD","https://www.bundestag.de/abgeordnete/biografien/H/heubach_heike-1044962","true","1","Grottenau 4, 86150 Augsburg","86150","Augsburg","Grottenau 4
86150 Augsburg"
"1044964","Heuberger, Dr. Moritz","Bündnis 90/Die Grünen","https://www.bundestag.de/abgeordnete/biografien/H/heuberger_moritz-1044964","true","1","Wahlkreisbüro, Dr. Heuberger, Moritz, Kolonnenstraße 53, 10829 Berlin","10829","Berlin","Wahlkreisbüro
Dr. Heuberger, Moritz
Kolonnenstraße 53
10829 Berlin"
"1044970","Heveling, Ansgar","CDU/CSU","https://www.bundestag.de/abgeordnete/biografien/H/heveling_ansgar-1044970","false","0","","","",""
"1044978","Hierl, Susanne","CDU/CSU","https://www.bundestag.de/abgeordnete/biografien/H/hierl_susanne-1044978","true","1","Hallertorstraße 16, 92318 Neumarkt i. d. OPf., Schlachthausstr. 6, 92224 Amberg","92318","Neumarkt i. d. OPf.","Hallertorstraße 16
92318 Neumarkt i. d. OPf.
Schlachthausstr. 6
92224 Amberg"
"1048714","Hiller, Prof. Dr. Matthias","CDU/CSU","https://www.bundestag.de/abgeordnete/biografien/H/hiller_matthias-1048714","false","0","","","",""
"1044990","Hilmer, Olaf","AfD","https://www.bundestag.de/abgeordnete/biografien/H/hilmer_olaf-1044990","true","2","Wahlkreisbüro Walsrode, Wiener Platz 6, 29664 Walsrode | Wahlkreisbüro Uelzen, Alewinstraße 58, 29525 Uelzen","29664 | 29525","Walsrode | Uelzen","Wahlkreisbüro Walsrode
Wiener Platz 6
29664 Walsrode
---
Wahlkreisbüro Uelzen
Alewinstraße 58
29525 Uelzen"
"1044992","Hilse, Karsten","AfD","https://www.bundestag.de/abgeordnete/biografien/H/hilse_karsten-1044992","true","1","Wahlkreisbüro Bautzen, Postplatz 1, 02625 Bautzen","02625","Bautzen","Wahlkreisbüro Bautzen
Postplatz 1
02625 Bautzen"
"1045006","Hirte, Christian","CDU/CSU","https://www.bundestag.de/abgeordnete/biografien/H/hirte_christian-1045006","true","3","Wahlkreisbüro Eisenach, Georgenstr, 27, 99817 Eisenach | Bürgerbüro Bad Salzungen, Nappenplatz 2, 36433 Bad Satzungen | Bürgerbüro Bad Langensalza, Rathausstr. 14, 99947 Bad Langensalza","99817 | 36433 | 99947","Eisenach | Bad Satzungen | Bad Langensalza","Wahlkreisbüro Eisenach
Georgenstr, 27
99817 Eisenach
---
Bürgerbüro Bad Salzungen
Nappenplatz 2
36433 Bad Satzungen
---
Bürgerbüro Bad Langensalza
Rathausstr. 14
99947 Bad Langensalza"
"1045014","Höchst, Nicole","AfD","https://www.bundestag.de/abgeordnete/biografien/H/hoechst_nicole-1045014","false","0","","","",""
"1048720","Hoffmann, Alexander","CDU/CSU","https://www.bundestag.de/abgeordnete/biografien/H/hoffmann_alexander-1048720","true","1","Baumhofstraße 21, 97282 Marktheidenfeld","97282","Marktheidenfeld","Baumhofstraße 21
97282 Marktheidenfeld"
"1045026","Hoffmann, Philip M. A.","CDU/CSU","https://www.bundestag.de/abgeordnete/biografien/H/hoffmann_philip-1045026","true","1","Bahnhofstraße 49, 66663 Merzig, De-Lenoncourt-Straße 13, 66763 Dillingen/Saar","66663","Merzig","Bahnhofstraße 49
66663 Merzig
De-Lenoncourt-Straße 13
66763 Dillingen/Saar"
"1045040","Hofreiter, Dr. Anton","Bündnis 90/Die Grünen","https://www.bundestag.de/abgeordnete/biografien/H/hofreiter_anton-1045040","false","0","","","",""
"1045050","Holm, Leif-Erik","AfD","https://www.bundestag.de/abgeordnete/biografien/H/holm_leif-1045050","true","1","Lange Straße 108, 19230 Hagenow","19230","Hagenow","Lange Straße 108
19230 Hagenow"
"1045070","Hoppenstedt, Dr. Hendrik","CDU/CSU","https://www.bundestag.de/abgeordnete/biografien/H/hoppenstedt_hendrik-1045070","true","1","Walderseestraße 21, 30117 Hannover","30117","Hannover","Walderseestraße 21
30117 Hannover"
"1045072","Hoppermann, Franziska","CDU/CSU","https://www.bundestag.de/abgeordnete/biografien/H/hoppermann_franziska-1045072","true","1","Am Neumarkt 38b, 22041 Hamburg","22041","Hamburg","Am Neumarkt 38b
22041 Hamburg"
"1045100","Hose, Michael","CDU/CSU","https://www.bundestag.de/abgeordnete/biografien/H/hose_michael-1045100","true","1","Domplatz 4, 99084 Erfurt, Erfurter Straße 12, 99423 Weimar","99084","Erfurt","Domplatz 4
99084 Erfurt
Erfurter Straße 12
99423 Weimar"
"1045106","Hoß, Luke","Die Linke","https://www.bundestag.de/abgeordnete/biografien/H/hoss_luke-1045106","true","1","Spitalhofstraße 56, 94032 Passau","94032","Passau","Spitalhofstraße 56
94032 Passau"
"1045108","Hostert, Jasmina","SPD","https://www.bundestag.de/abgeordnete/biografien/H/hostert_jasmina-1045108","true","1","Stadtgrabenstr. 8, 71032 Böblingen","71032","Böblingen","Stadtgrabenstr. 8
71032 Böblingen"
"1045124","Hubertz, Verena","SPD","https://www.bundestag.de/abgeordnete/biografien/H/hubertz_verena-1045124","false","0","","","",""
"1045152","Huy, Gerrit","AfD","https://www.bundestag.de/abgeordnete/biografien/H/huy_rose-1045152","true","1","Huy, Gerrit, Münchner Straße 15, 82362 Weilheim","82362","Weilheim","Huy, Gerrit
Münchner Straße 15
82362 Weilheim"
"1045160","Ince, Cem","Die Linke","https://www.bundestag.de/abgeordnete/biografien/I/ince_cem-1045160","true","1","Wahlkreisbüro Salzgitter, Berliner Straße 49, 38226 Salzgitter","38226","Salzgitter","Wahlkreisbüro Salzgitter
Berliner Straße 49
38226 Salzgitter"
"1045178","Jacobi, Fabian","AfD","https://www.bundestag.de/abgeordnete/biografien/J/jacobi_fabian-1045178","true","1","Unter Käster 1, 50667 Köln","50667","Köln","Unter Käster 1
50667 Köln"
"1045194","Janich, Steffen","AfD","https://www.bundestag.de/abgeordnete/biografien/J/janich_steffen-1045194","true","1","Siegfried-Rädel-Straße 10A, 01796 Pirna","01796","Pirna","Siegfried-Rädel-Straße 10A
01796 Pirna"
"1045200","Janssen, Anne","CDU/CSU","https://www.bundestag.de/abgeordnete/biografien/J/janssen_anne-1045200","false","0","","","",""
"1045202","Jarzombek, Thomas","CDU/CSU","https://www.bundestag.de/abgeordnete/biografien/J/jarzombek_thomas-1045202","true","1","Wasserstraße 5, 40213 Düsseldorf","40213","Düsseldorf","Wasserstraße 5
40213 Düsseldorf"
"1045230","Jordan, Alexander","CDU/CSU","https://www.bundestag.de/abgeordnete/biografien/J/jordan_alexander-1045230","true","3","Wahlkreisbüro Helmstedt, Maschweg 2, 38350 Helmstedt | Wahlkreisbüro Wolfsburg, Goethestraße 48, 38448 Wolfsburg | Wahlkreisbüro Gifhorn, Steinweg 5, 38518 Gifhorn","38350 | 38448 | 38518","Helmstedt | Wolfsburg | Gifhorn","Wahlkreisbüro Helmstedt
Maschweg 2
38350 Helmstedt
---
Wahlkreisbüro Wolfsburg
Goethestraße 48
38448 Wolfsburg
---
Wahlkreisbüro Gifhorn
Steinweg 5
38518 Gifhorn"
"1045232","Joswig, Julian","Bündnis 90/Die Grünen","https://www.bundestag.de/abgeordnete/biografien/J/joswig_julian-1045232","true","1","Regionalbüro Hunsrück, Schloßstraße 5a, 56288 Kastellaun, Regionalbüro Mittelrhein, Breite Straße 69, 56626 Andernach","56288","Kastellaun","Regionalbüro Hunsrück
Schloßstraße 5a
56288 Kastellaun
Regionalbüro Mittelrhein
Breite Straße 69
56626 Andernach"
"1045240","Jünger, Robin","AfD","https://www.bundestag.de/abgeordnete/biografien/J/juenger_robin-1045240","false","0","","","",""
"1045234","Jung, Andreas","CDU/CSU","https://www.bundestag.de/abgeordnete/biografien/J/jung_andreas-1045234","false","0","","","",""
"1045238","Junge, Frank","SPD","https://www.bundestag.de/abgeordnete/biografien/J/junge_frank-1045238","true","3","Bürgerbüro Wismar, Großschmiedestraße 9, 23966 Wismar | Bürgerbüro Parchim, Lange Straße 40, 19370 Parchim | Bürgerbüro Bad Doberan, Dammchaussee 3, 18209 Bad Doberan","23966 | 19370 | 18209","Wismar | Parchim | Bad Doberan","Bürgerbüro Wismar
Großschmiedestraße 9
23966 Wismar
---
Bürgerbüro Parchim
Lange Straße 40
19370 Parchim
---
Bürgerbüro Bad Doberan
Dammchaussee 3
18209 Bad Doberan"
"1045254","Kaczmarek, Oliver","SPD","https://www.bundestag.de/abgeordnete/biografien/K/kaczmarek_oliver-1045254","true","1","Friedrich-Ebert-Str. 61, 59425 Unna","59425","Unna","Friedrich-Ebert-Str. 61
59425 Unna"
"1045258","Kaddor, Lamya","Bündnis 90/Die Grünen","https://www.bundestag.de/abgeordnete/biografien/K/kaddor_lamya-1045258","true","1","Pulverweg 5, 47051 Duisburg","47051","Duisburg","Pulverweg 5
47051 Duisburg"
"1045268","Kaiser, Elisabeth","SPD","https://www.bundestag.de/abgeordnete/biografien/K/kaiser_elisabeth-1045268","true","2","Wahlkreisbüro „Kaisers Demokratieladen“, Heinrichstaße 84, 07545 Gera | Wahlkreisbüro Altenburg, Moritzstraße 5, 04600 Altenburg","07545 | 04600","Gera | Altenburg","Wahlkreisbüro „Kaisers Demokratieladen“
Heinrichstaße 84
07545 Gera
---
Wahlkreisbüro Altenburg
Moritzstraße 5
04600 Altenburg"
"1045282","Kaminski, Maren","Die Linke","https://www.bundestag.de/abgeordnete/biografien/K/kaminski_maren-1045282","true","2","Wahlkreisbüro Hannover, Goseriede 8 (1. OG), 30159 Hannover | Wahlkreisbüro Göttingen, Lange-Geismar-Straße 2, 37073 Göttingen","30159 | 37073","Hannover | Göttingen","Wahlkreisbüro Hannover
Goseriede 8 (1. OG)
30159 Hannover
---
Wahlkreisbüro Göttingen
Lange-Geismar-Straße 2
37073 Göttingen"
"1045306","Kappe, Nicklas","CDU/CSU","https://www.bundestag.de/abgeordnete/biografien/K/kappe_nicklas-1045306","false","0","","","",""
"1045310","Kappert-Gonther, Dr. Kirsten","Bündnis 90/Die Grünen","https://www.bundestag.de/abgeordnete/biografien/K/kappert_gonther_kirsten-1045310","false","0","","","",""
"1045312","Karaahmetoğlu, Macit","SPD","https://www.bundestag.de/abgeordnete/biografien/K/karaahmetoglu_macit-1045312","false","0","","","",""
"1045318","Karliczek, Anja","CDU/CSU","https://www.bundestag.de/abgeordnete/biografien/K/karliczek_anja-1045318","false","0","","","",""
"1045334","Kaufmann, Dr. Malte","AfD","https://www.bundestag.de/abgeordnete/biografien/K/kaufmann_malte-1045334","true","1","Mühlbergstraße 10, 69242 Mühlhausen","69242","Mühlhausen","Mühlbergstraße 10
69242 Mühlhausen"
"1045336","Kaufmann, Prof. Dr.-Ing. habil. Michael","AfD","https://www.bundestag.de/abgeordnete/biografien/K/kaufmann_michael-1045336","true","3","Wahlkreisbüro Saalfeld, Brudergasse 6, 07318 Saalfeld | Wahlkreisbüro Kahla, Rudolf-Breitscheid-Straße 4, 07768 Kahla | Wahlkreisbüro Pößneck, Breits Straße 32, 07381 Pößneck","07318 | 07768 | 07381","Saalfeld | Kahla | Pößneck","Wahlkreisbüro Saalfeld
Brudergasse 6
07318 Saalfeld
---
Wahlkreisbüro Kahla
Rudolf-Breitscheid-Straße 4
07768 Kahla
---
Wahlkreisbüro Pößneck
Breits Straße 32
07381 Pößneck"
"1045350","Kellner, Michael","Bündnis 90/Die Grünen","https://www.bundestag.de/abgeordnete/biografien/K/kellner_michael-1045350","true","2","Wahlkreisbüro Angermünde, Brüderstraße 1, 16278 Angermünde | Wahlkreisbüro Fürstenwalde, Mühlenstraße 5d, 15517 Fürstenwalde","16278 | 15517","Angermünde | Fürstenwalde","Wahlkreisbüro Angermünde
Brüderstraße 1
16278 Angermünde
---
Wahlkreisbüro Fürstenwalde
Mühlenstraße 5d
15517 Fürstenwalde"
"1045358","Kemmer, Ronja","CDU/CSU","https://www.bundestag.de/abgeordnete/biografien/K/kemmer_ronja-1045358","false","0","","","",""
"1045360","Kempf, Martina","AfD","https://www.bundestag.de/abgeordnete/biografien/K/kempf_martina-1045360","false","0","","","",""
"1045366","Kersten, Dr. Franziska","SPD","https://www.bundestag.de/abgeordnete/biografien/K/kersten_franziska-1045366","true","1","Hagenpassage, Hagenstraße 45, 39340 Haldensleben, SPD-Büro Staßfurt, Steinstraße 45, 39418 Staßfurt","39340","Haldensleben","Hagenpassage
Hagenstraße 45
39340 Haldensleben
SPD-Büro Staßfurt
Steinstraße 45
39418 Staßfurt"
"1045374","Keuter, Stefan","AfD","https://www.bundestag.de/abgeordnete/biografien/K/keuter_stefan-1045374","true","2","Wahlkreisbüro Duisburg, Hochstr. 17, 47228 Duisburg | Wahlkreisbüro Minden, Postfach 400115, 32399 Minden, Startseite, Abgeordnete, Biografien, K, zurück zu: Biografien, (), Instagram, Instagram-Kanäle, Bundestag, (Externer Link, Link öffnet ein neues Fenster), Bundestagspräsidentin, (Externer Link, Link öffnet ein neues Fenster), LinkedIn, Mastodon, Mastodon-Kanäle, Bundestag, (Externer Link, Link öffnet ein neues Fenster), hib-Nachrichten, (Externer Link, Link öffnet ein neues Fenster), WhatsApp, YouTube, Hilfe, Kontakt, Inhaltsübersicht, Instagram, Instagram-Kanäle, Bundestag, (Externer Link, Link öffnet ein neues Fenster), Bundestagspräsidentin, (Externer Link, Link öffnet ein neues Fenster), LinkedIn, Mastodon, Mastodon-Kanäle, Bundestag, (Externer Link, Link öffnet ein neues Fenster), hib-Nachrichten, (Externer Link, Link öffnet ein neues Fenster), WhatsApp, YouTube, Barrierefreiheit, Datenschutz, Impressum, © Deutscher Bundestag, Ausdruck aus dem Internet-Angebot des Deutschen Bundestages, https://www.bundestag.de/abgeordnete/biografien/K/keuter_stefan-1045374, Stand: 04.07.2026","47228 | 32399","Duisburg | Minden","Wahlkreisbüro Duisburg
Hochstr. 17
47228 Duisburg
---
Wahlkreisbüro Minden
Postfach 400115
32399 Minden
Startseite
Abgeordnete
Biografien
K
zurück zu: Biografien
()
Instagram
Instagram-Kanäle
Bundestag
(Externer Link, Link öffnet ein neues Fenster)
Bundestagspräsidentin
(Externer Link, Link öffnet ein neues Fenster)
LinkedIn
Mastodon
Mastodon-Kanäle
Bundestag
(Externer Link, Link öffnet ein neues Fenster)
hib-Nachrichten
(Externer Link, Link öffnet ein neues Fenster)
WhatsApp
YouTube
Hilfe
Kontakt
Inhaltsübersicht
Instagram
Instagram-Kanäle
Bundestag
(Externer Link, Link öffnet ein neues Fenster)
Bundestagspräsidentin
(Externer Link, Link öffnet ein neues Fenster)
LinkedIn
Mastodon
Mastodon-Kanäle
Bundestag
(Externer Link, Link öffnet ein neues Fenster)
hib-Nachrichten
(Externer Link, Link öffnet ein neues Fenster)
WhatsApp
YouTube
Barrierefreiheit
Datenschutz
Impressum
© Deutscher Bundestag
Ausdruck aus dem Internet-Angebot des Deutschen Bundestages
https://www.bundestag.de/abgeordnete/biografien/K/keuter_stefan-1045374
Stand: 04.07.2026"
"1045376","Kever, Rocco","AfD","https://www.bundestag.de/abgeordnete/biografien/K/kever_rocco-1045376","false","0","","","",""
"1045380","Khan, Misbah","Bündnis 90/Die Grünen","https://www.bundestag.de/abgeordnete/biografien/K/khan_misbah-1045380","false","0","","","",""
"1048784","Kiesewetter, Roderich","CDU/CSU","https://www.bundestag.de/abgeordnete/biografien/K/kiesewetter_roderich-1048784","false","0","","","",""
"1048786","Kießling, Michael","CDU/CSU","https://www.bundestag.de/abgeordnete/biografien/K/kiessling_michael-1048786","true","1","Ludwigstraße 162, 86899 Landsberg am Lech","86899","Landsberg am Lech","Ludwigstraße 162
86899 Landsberg am Lech"
"1045390","Kippels, Dr. Georg","CDU/CSU","https://www.bundestag.de/abgeordnete/biografien/K/kippels_georg-1045390","true","1","Langemarckstr. 16, 50181 Bedburg","50181","Bedburg","Langemarckstr. 16
50181 Bedburg"
"1045402","Kleebank, Helmut","SPD","https://www.bundestag.de/abgeordnete/biografien/K/kleebank_helmut-1045402","true","1","Bismarckstraße 61, 13585 Berlin","13585","Berlin","Bismarckstraße 61
13585 Berlin"
"1045410","Klein, Dr. Ottilie","CDU/CSU","https://www.bundestag.de/abgeordnete/biografien/K/klein_ottilie-1045410","false","0","","","",""
"1045416","Kleinschmidt, Kurt","AfD","https://www.bundestag.de/abgeordnete/biografien/K/kleinschmidt_kurt-1045416","true","1","Eingang Süd, Christianstraße 160-164, 24536 Neumünster, Startseite, Abgeordnete, Biografien, K, zurück zu: Biografien, (), Instagram, Instagram-Kanäle, Bundestag, (Externer Link, Link öffnet ein neues Fenster), Bundestagspräsidentin, (Externer Link, Link öffnet ein neues Fenster), LinkedIn, Mastodon, Mastodon-Kanäle, Bundestag, (Externer Link, Link öffnet ein neues Fenster), hib-Nachrichten, (Externer Link, Link öffnet ein neues Fenster), WhatsApp, YouTube, Hilfe, Kontakt, Inhaltsübersicht, Instagram, Instagram-Kanäle, Bundestag, (Externer Link, Link öffnet ein neues Fenster), Bundestagspräsidentin, (Externer Link, Link öffnet ein neues Fenster), LinkedIn, Mastodon, Mastodon-Kanäle, Bundestag, (Externer Link, Link öffnet ein neues Fenster), hib-Nachrichten, (Externer Link, Link öffnet ein neues Fenster), WhatsApp, YouTube, Barrierefreiheit, Datenschutz, Impressum, © Deutscher Bundestag, Ausdruck aus dem Internet-Angebot des Deutschen Bundestages, https://www.bundestag.de/abgeordnete/biografien/K/kleinschmidt_kurt-1045416, Stand: 04.07.2026","24536","Neumünster","Eingang Süd
Christianstraße 160-164
24536 Neumünster
Startseite
Abgeordnete
Biografien
K
zurück zu: Biografien
()
Instagram
Instagram-Kanäle
Bundestag
(Externer Link, Link öffnet ein neues Fenster)
Bundestagspräsidentin
(Externer Link, Link öffnet ein neues Fenster)
LinkedIn
Mastodon
Mastodon-Kanäle
Bundestag
(Externer Link, Link öffnet ein neues Fenster)
hib-Nachrichten
(Externer Link, Link öffnet ein neues Fenster)
WhatsApp
YouTube
Hilfe
Kontakt
Inhaltsübersicht
Instagram
Instagram-Kanäle
Bundestag
(Externer Link, Link öffnet ein neues Fenster)
Bundestagspräsidentin
(Externer Link, Link öffnet ein neues Fenster)
LinkedIn
Mastodon
Mastodon-Kanäle
Bundestag
(Externer Link, Link öffnet ein neues Fenster)
hib-Nachrichten
(Externer Link, Link öffnet ein neues Fenster)
WhatsApp
YouTube
Barrierefreiheit
Datenschutz
Impressum
© Deutscher Bundestag
Ausdruck aus dem Internet-Angebot des Deutschen Bundestages
https://www.bundestag.de/abgeordnete/biografien/K/kleinschmidt_kurt-1045416
Stand: 04.07.2026"
"1045428","Klingbeil, Lars","SPD","https://www.bundestag.de/abgeordnete/biografien/K/klingbeil_lars-1045428","true","1","Lange Straße 27, 29664 Walsrode","29664","Walsrode","Lange Straße 27
29664 Walsrode"
"1045434","Klöckner, Julia","CDU/CSU","https://www.bundestag.de/abgeordnete/biografien/K/kloeckner_julia-1045434","true","2","Wahlkreisbüro Bad Kreuznach, Freiherr-vom-Stein-Straße 16, 55543 Bad Kreuznach | Wahlkreisbüro Idar-Oberstein, Kobachstraße 7, 55743 Idar-Oberstein","55543 | 55743","Bad Kreuznach | Idar-Oberstein","Wahlkreisbüro Bad Kreuznach
Freiherr-vom-Stein-Straße 16
55543 Bad Kreuznach
---
Wahlkreisbüro Idar-Oberstein
Kobachstraße 7
55743 Idar-Oberstein"
"1045438","Klose, Annika","SPD","https://www.bundestag.de/abgeordnete/biografien/K/klose_annika-1045438","true","1","Wahlkreisbüro, Turmstraße 81, 10551 Berlin","10551","Berlin","Wahlkreisbüro
Turmstraße 81
10551 Berlin"
"1045446","Klüssendorf, Tim","SPD","https://www.bundestag.de/abgeordnete/biografien/K/kluessendorf_tim-1045446","false","0","","","",""
"1045450","Kneller, Maximilian","AfD","https://www.bundestag.de/abgeordnete/biografien/K/kneller_maximilian-1045450","false","0","","","",""
"1045460","Knodel, Sieghard","fraktionslos","https://www.bundestag.de/abgeordnete/biografien/K/knodel_sieghard-1045460","false","0","","","",""
"1045462","Knoerig, Axel","CDU/CSU","https://www.bundestag.de/abgeordnete/biografien/K/knoerig_axel-1045462","true","1","Meisenweg 1, 27245 Kirchdorf, Syker Straße 40, 27211 Bassum","27245","Kirchdorf","Meisenweg 1
27245 Kirchdorf
Syker Straße 40
27211 Bassum"
"1045476","Koch, Heinrich","AfD","https://www.bundestag.de/abgeordnete/biografien/K/koch_heinrich-1045476","false","0","","","",""
"1045486","Koegel, Jürgen","AfD","https://www.bundestag.de/abgeordnete/biografien/K/koegel_juergen-1045486","false","0","","","",""
"1045490","Köhler, Achim","AfD","https://www.bundestag.de/abgeordnete/biografien/K/koehler_achim-1045490","false","0","","","",""
"1045504","Köktürk, Cansin","Die Linke","https://www.bundestag.de/abgeordnete/biografien/K/koektuerk_cansin-1045504","true","2","Wahlkreisbüro Bochum, Universitätsstraße 75, 44789 Bochum | Wahlkreisbüro Hagen, Boeler Str. 14, 58097 Hagen","44789 | 58097","Bochum | Hagen","Wahlkreisbüro Bochum
Universitätsstraße 75
44789 Bochum
---
Wahlkreisbüro Hagen
Boeler Str. 14
58097 Hagen"
"1045508","Kölbl, Daniel","CDU/CSU","https://www.bundestag.de/abgeordnete/biografien/K/koelbl_daniel-1045508","true","1","Rübekamp 25, 25421 Pinneberg","25421","Pinneberg","Rübekamp 25
25421 Pinneberg"
"1048814","König, Anne","CDU/CSU","https://www.bundestag.de/abgeordnete/biografien/K/koenig_anne-1048814","true","1","Butenwall 81, 46325 Borken","46325","Borken","Butenwall 81
46325 Borken"
"1045522","König, Jörn","AfD","https://www.bundestag.de/abgeordnete/biografien/K/koenig_joern-1045522","false","0","","","",""
"1045540","Körber, Carsten","CDU/CSU","https://www.bundestag.de/abgeordnete/biografien/K/koerber_carsten-1045540","true","1","Hauptstraße 28, 08056 Zwickau","08056","Zwickau","Hauptstraße 28
08056 Zwickau"
"1045550","Körner, Dr. Konrad","CDU/CSU","https://www.bundestag.de/abgeordnete/biografien/K/koerner_konrad-1045550","true","1","Ludwig-Erhard-Haus, Ludwig-Erhard-Str. 9a, 91052 Erlangen","91052","Erlangen","Ludwig-Erhard-Haus
Ludwig-Erhard-Str. 9a
91052 Erlangen"
"1045564","Köstering, Jan","Die Linke","https://www.bundestag.de/abgeordnete/biografien/K/koestering_jan-1045564","true","1","Wahlkreisbüro Nümbrecht, Hauptstraße 17, 51588 Nümbrecht","51588","Nümbrecht","Wahlkreisbüro Nümbrecht
Hauptstraße 17
51588 Nümbrecht"
"1045482","Kofler, Dr. Bärbel","SPD","https://www.bundestag.de/abgeordnete/biografien/K/kofler_baerbel-1045482","true","1","Schaumburgerstr. 17-27, (Eingang Ecke Thomas-Bernhard-Stiege), 83278 Traunstein","83278","Traunstein","Schaumburgerstr. 17-27
(Eingang Ecke Thomas-Bernhard-Stiege)
83278 Traunstein"
"1045510","Koller, Hans","CDU/CSU","https://www.bundestag.de/abgeordnete/biografien/K/koller_johann-1045510","false","0","","","",""
"1045516","Komning, Enrico","AfD","https://www.bundestag.de/abgeordnete/biografien/K/komning_enrico-1045516","true","3","Wahlkreisbüro Neubrandenburg, Woldegker Straße 27, 17033 Neubrandenburg | Wahlkreisbüro Torgelow, Breite Straße 23, 17358 Torgelow | Wahlkreisbüro Anklam, Lilienthalcenter, Markt 7, 17389 Anklam","17033 | 17358 | 17389","Neubrandenburg | Torgelow | Anklam","Wahlkreisbüro Neubrandenburg
Woldegker Straße 27
17033 Neubrandenburg
---
Wahlkreisbüro Torgelow
Breite Straße 23
17358 Torgelow
---
Wahlkreisbüro Anklam
Lilienthalcenter
Markt 7
17389 Anklam"
"1045530","Koob, Markus","CDU/CSU","https://www.bundestag.de/abgeordnete/biografien/K/koob_markus-1045530","true","2","Wahlkreisbüro Bad Homburg, Justus-von-Liebig-Str. 3, 61352 Bad Homburg | Wahlkreisbüro Limburg an der Lahn, Kapellenstraße 4, 65555 Limburg an der Lahn","61352 | 65555","Bad Homburg | Limburg an der Lahn","Wahlkreisbüro Bad Homburg
Justus-von-Liebig-Str. 3
61352 Bad Homburg
---
Wahlkreisbüro Limburg an der Lahn
Kapellenstraße 4
65555 Limburg an der Lahn"
"1045532","Kopf, Chantal","Bündnis 90/Die Grünen","https://www.bundestag.de/abgeordnete/biografien/K/kopf_chantal-1045532","true","1","Rehlingstraße 16a, 79100 Freiburg","79100","Freiburg","Rehlingstraße 16a
79100 Freiburg"
"1045536","Korbach, Dr. Stefan","CDU/CSU","https://www.bundestag.de/abgeordnete/biografien/K/korbach_stefan-1045536","true","1","Frankfurter Straße 18, 65189 Wiesbaden","65189","Wiesbaden","Frankfurter Straße 18
65189 Wiesbaden"
"1045546","Korell, Thomas","AfD","https://www.bundestag.de/abgeordnete/biografien/K/korell_thomas-1045546","false","0","","","",""
"1048816","Kotré, Steffen","AfD","https://www.bundestag.de/abgeordnete/biografien/K/kotre_steffen-1048816","true","2","Wahlkreisbüro Luckenwalde, Breite Straße 27, 14943 Luckenwalde | Wahlkreisbüro Halbe, Lindenstraße 36a, 15757 Halbe","14943 | 15757","Luckenwalde | Halbe","Wahlkreisbüro Luckenwalde
Breite Straße 27
14943 Luckenwalde
---
Wahlkreisbüro Halbe
Lindenstraße 36a
15757 Halbe"
"1045472","Koçak, Ferat","Die Linke","https://www.bundestag.de/abgeordnete/biografien/K/kocak_ferat-1045472","false","0","","","",""
"1045576","Kraft, Dr. Rainer","AfD","https://www.bundestag.de/abgeordnete/biografien/K/kraft_rainer-1045576","true","1","Georg-Odemer-Str. 2A, 86356 Neusäß","86356","Neusäß","Georg-Odemer-Str. 2A
86356 Neusäß"
"1048818","Krah, Dr. Maximilian","AfD","https://www.bundestag.de/abgeordnete/biografien/K/krah_maximilian-1048818","false","0","","","",""
"1045582","Kramme, Anette","SPD","https://www.bundestag.de/abgeordnete/biografien/K/kramme_anette-1045582","true","1","Friedrich-Puchta-Str. 22, 95444 Bayreuth","95444","Bayreuth","Friedrich-Puchta-Str. 22
95444 Bayreuth"
"1045594","Krauthausen, Manuel","AfD","https://www.bundestag.de/abgeordnete/biografien/K/krauthausen_manuel-1045594","false","0","","","",""
"1045600","Kreiser, Dunja","SPD","https://www.bundestag.de/abgeordnete/biografien/K/kreiser_dunja-1045600","true","1","Bahnhof 1C, 38300 Wolfenbüttel, Riesentrapp14, 38226 Salzgitter, Okerstraße 32, 38640 Goslar","38300","Wolfenbüttel","Bahnhof 1C
38300 Wolfenbüttel
Riesentrapp14
38226 Salzgitter
Okerstraße 32
38640 Goslar"
"1048828","Krichbaum, Gunther","CDU/CSU","https://www.bundestag.de/abgeordnete/biografien/K/krichbaum_gunther-1048828","true","1","Westliche Karl-Friedrich-Str. 104, 75172 Pforzheim","75172","Pforzheim","Westliche Karl-Friedrich-Str. 104
75172 Pforzheim"
"1045624","Krieger, Lukas","CDU/CSU","https://www.bundestag.de/abgeordnete/biografien/K/krieger_lukas-1045624","true","1","Uhlandstraße 64, 10719 Berlin","10719","Berlin","Uhlandstraße 64
10719 Berlin"
"1045628","Krings, Prof. Dr. Günter","CDU/CSU","https://www.bundestag.de/abgeordnete/biografien/K/krings_guenter-1045628","true","1","Regentenstr. 11, 41061 Mönchengladbach","41061","Mönchengladbach","Regentenstr. 11
41061 Mönchengladbach"
"1045634","Kröber, Martin","SPD","https://www.bundestag.de/abgeordnete/biografien/K/kroeber_martin-1045634","true","3","Wahlkreisbüro Magdeburg, Bürgelstraße 1, 39104 Magdeburg | Wahlkreisbüro Schönebeck, Pfännerstraße 35, 39218 Schönebeck | Wahlkreisbüro Lutherstadt Eisleben, Hallesche Straße 25, 06295 Lutherstadt Eisleben","39104 | 39218 | 06295","Magdeburg | Schönebeck | Lutherstadt Eisleben","Wahlkreisbüro Magdeburg
Bürgelstraße 1
39104 Magdeburg
---
Wahlkreisbüro Schönebeck
Pfännerstraße 35
39218 Schönebeck
---
Wahlkreisbüro Lutherstadt Eisleben
Hallesche Straße 25
06295 Lutherstadt Eisleben"
"1045660","Kuban, Tilman","CDU/CSU","https://www.bundestag.de/abgeordnete/biografien/K/kuban_tilman-1045660","true","1","Bürgerbüro, Walderseestraße 21, 30177 Hannover","30177","Hannover","Bürgerbüro
Walderseestraße 21
30177 Hannover"
"1045706","Ladzinski, Thomas","AfD","https://www.bundestag.de/abgeordnete/biografien/L/ladzinski_thomas-1045706","false","0","","","",""
"1045710","Lamely, Pierre","AfD","https://www.bundestag.de/abgeordnete/biografien/L/lamely_pierre-1045710","false","0","","","",""
"1045716","Lang, Ricarda","Bündnis 90/Die Grünen","https://www.bundestag.de/abgeordnete/biografien/L/lang_ricarda-1045716","true","1","Münsterplatz 13, 73525 Schwäbisch Gmünd","73525","Schwäbisch Gmünd","Münsterplatz 13
73525 Schwäbisch Gmünd"
"1048862","Lange, Ulrich","CDU/CSU","https://www.bundestag.de/abgeordnete/biografien/L/lange_ulrich-1048862","true","1","Deininger Straße 1, 86720 Nördlingen","86720","Nördlingen","Deininger Straße 1
86720 Nördlingen"
"1045736","Laschet, Armin","CDU/CSU","https://www.bundestag.de/abgeordnete/biografien/L/laschet_armin-1045736","false","0","","","",""
"1045738","Latendorf, Ina","Die Linke","https://www.bundestag.de/abgeordnete/biografien/L/latendorf_ina-1045738","true","3","Wahlkreisbüro Schwerin, Martinstraße 1A, 19053 Schwerin | Wahlkreisbüro Hagenow, Langestraße 49, 19230 Hagenow | Wahlkreisbüro Gadebusch, Steinstraße 6, 19205 Gadebusch","19053 | 19230 | 19205","Schwerin | Hagenow | Gadebusch","Wahlkreisbüro Schwerin
Martinstraße 1A
19053 Schwerin
---
Wahlkreisbüro Hagenow
Langestraße 49
19230 Hagenow
---
Wahlkreisbüro Gadebusch
Steinstraße 6
19205 Gadebusch"
"1045740","Launert, Dr. Silke","CDU/CSU","https://www.bundestag.de/abgeordnete/biografien/L/launert_silke-1045740","true","1","Eduard-Bayerlein-Str. 5, 95445 Bayreuth","95445","Bayreuth","Eduard-Bayerlein-Str. 5
95445 Bayreuth"
"1048870","Lauterbach, Prof. Dr. Karl","SPD","https://www.bundestag.de/abgeordnete/biografien/L/lauterbach_karl-1048870","false","0","","","",""
"1045746","Lay, Caren","Die Linke","https://www.bundestag.de/abgeordnete/biografien/L/lay_caren-1045746","true","2","Wahlkreisbüro Bautzen, Schülerstr. 10, 02625 Bautzen | Wahlkreisbüro Hoyerswerda, Dietrich-Bonhoeffer-Str. 4, 02977 Hoyerswerda","02625 | 02977","Bautzen | Hoyerswerda","Wahlkreisbüro Bautzen
Schülerstr. 10
02625 Bautzen
---
Wahlkreisbüro Hoyerswerda
Dietrich-Bonhoeffer-Str. 4
02977 Hoyerswerda"
"1045756","Lehmann, Jens","CDU/CSU","https://www.bundestag.de/abgeordnete/biografien/L/lehmann_jens-1045756","true","1","Arnoldplatz 33, 04319 Leipzig","04319","Leipzig","Arnoldplatz 33
04319 Leipzig"
"1045758","Lehmann, Sven","Bündnis 90/Die Grünen","https://www.bundestag.de/abgeordnete/biografien/L/lehmann_sven-1045758","true","1","Wahlkreisbüro Köln, Ebertplatz 23, 50668 Köln","50668","Köln","Wahlkreisbüro Köln
Ebertplatz 23
50668 Köln"
"1045784","Lemke, Sonja","Die Linke","https://www.bundestag.de/abgeordnete/biografien/L/lemke_sonja-1045784","true","2","Wahlkreisbüro Dortmund, Stefanstraße 2, 44135 Dortmund | Wahlkreisbüro Hamm, Werler Straße 61, 59065 Hamm","44135 | 59065","Dortmund | Hamm","Wahlkreisbüro Dortmund
Stefanstraße 2
44135 Dortmund
---
Wahlkreisbüro Hamm
Werler Straße 61
59065 Hamm"
"1045786","Lemke, Steffi","Bündnis 90/Die Grünen","https://www.bundestag.de/abgeordnete/biografien/L/lemke_steffi-1045786","true","1","Wahlkreisbüro Steffi Lemke MdB, Otto-von-Guericke-Straße 65, 39104 Magdeburg","39104","Magdeburg","Wahlkreisbüro Steffi Lemke MdB
Otto-von-Guericke-Straße 65
39104 Magdeburg"
"1045792","Lenhard, Rebecca","Bündnis 90/Die Grünen","https://www.bundestag.de/abgeordnete/biografien/L/lenhard_rebecca-1045792","true","1","Wahlkreisbüro Nürnberg, Frauentorgraben 3, 90443 Nürnberg","90443","Nürnberg","Wahlkreisbüro Nürnberg
Frauentorgraben 3
90443 Nürnberg"
"1045796","Lensing, Sascha","AfD","https://www.bundestag.de/abgeordnete/biografien/L/lensing_sascha-1045796","true","1","Hochstraße 17, 47228 Duisburg","47228","Duisburg","Hochstraße 17
47228 Duisburg"
"1048878","Lenz, Dr. Andreas","CDU/CSU","https://www.bundestag.de/abgeordnete/biografien/L/lenz_andreas-1048878","true","2","Wahlkreisbüro Ebersberg, Bahnhofstraße 2, 85560 Ebersberg | Wahlkreisbüro Erding, Katharina-Fischer-Platz 2, 85435 Erding","85560 | 85435","Ebersberg | Erding","Wahlkreisbüro Ebersberg
Bahnhofstraße 2
85560 Ebersberg
---
Wahlkreisbüro Erding
Katharina-Fischer-Platz 2
85435 Erding"
"1045824","Limbacher, Esra","SPD","https://www.bundestag.de/abgeordnete/biografien/L/limbacher_esra-1045824","true","1","Karlsbergstraße 6, 66424 Homburg","66424","Homburg","Karlsbergstraße 6
66424 Homburg"
"1045826","Limburg, Helge","Bündnis 90/Die Grünen","https://www.bundestag.de/abgeordnete/biografien/L/limburg_helge-1045826","true","2","Wahlkreisbüro Holzminden, Obere Straße 25, 37603 Holzminden | Wahlkreisbüro Hameln, Wendenstraße 10, 31785 Hameln","37603 | 31785","Holzminden | Hameln","Wahlkreisbüro Holzminden
Obere Straße 25
37603 Holzminden
---
Wahlkreisbüro Hameln
Wendenstraße 10
31785 Hameln"
"1045828","Lindh, Helge","SPD","https://www.bundestag.de/abgeordnete/biografien/L/lindh_helge-1045828","true","1","Wahlkreisbüro:, Obergrünewalder Straße 10, 42103 Wuppertal","42103","Wuppertal","Wahlkreisbüro:
Obergrünewalder Straße 10
42103 Wuppertal"
"1045830","Lindholz, Andrea","CDU/CSU","https://www.bundestag.de/abgeordnete/biografien/L/lindholz_andrea-1045830","false","0","","","",""
"1048896","Linnemann, Dr. Carsten","CDU/CSU","https://www.bundestag.de/abgeordnete/biografien/L/linnemann_carsten-1048896","false","0","","","",""
"1045854","Lips, Patricia","CDU/CSU","https://www.bundestag.de/abgeordnete/biografien/L/lips_patricia-1045854","true","2","Bürgerbüro Erbach/ Odw., Hauptstraße 59,, 64711 Erbach/Odw. | Bürgerbüro Seligenstadt, Stehnweg 2, 63500 Seligenstadt","64711 | 63500","Erbach/Odw. | Seligenstadt","Bürgerbüro Erbach/ Odw.
Hauptstraße 59,
64711 Erbach/Odw.
---
Bürgerbüro Seligenstadt
Stehnweg 2
63500 Seligenstadt"
"1045868","Loop, Denise","Bündnis 90/Die Grünen","https://www.bundestag.de/abgeordnete/biografien/L/loop_denise-1045868","false","0","","","",""
"1045876","Lucassen, Rüdiger","AfD","https://www.bundestag.de/abgeordnete/biografien/L/lucassen_hans-1045876","true","1","Alter Markt 8, 53879 Euskirchen","53879","Euskirchen","Alter Markt 8
53879 Euskirchen"
"1045878","Lucks, Max","Bündnis 90/Die Grünen","https://www.bundestag.de/abgeordnete/biografien/L/lucks_max-1045878","true","2","Wahlkreisbüro Bochum, Diekampstraße 37, 44787 Bochum | Wahlkreisbüro Wattenscheid, Freiheitstr. 6, 44866 Wattenscheid","44787 | 44866","Bochum | Wattenscheid","Wahlkreisbüro Bochum
Diekampstraße 37
44787 Bochum
---
Wahlkreisbüro Wattenscheid
Freiheitstr. 6
44866 Wattenscheid"
"1045880","Luczak, Dr. Jan-Marco","CDU/CSU","https://www.bundestag.de/abgeordnete/biografien/L/luczak_jan-1045880","true","1","Kolonnenstraße 4, 10827 Berlin","10827","Berlin","Kolonnenstraße 4
10827 Berlin"
"1045886","Ludwig, Daniela","CDU/CSU","https://www.bundestag.de/abgeordnete/biografien/L/ludwig_daniela-1045886","true","1","Klepperstraße 19, 83026 Rosenheim","83026","Rosenheim","Klepperstraße 19
83026 Rosenheim"
"1045888","Ludwig, Dr. Saskia","CDU/CSU","https://www.bundestag.de/abgeordnete/biografien/L/ludwig_saskia-1045888","false","0","","","",""
"1045874","Lübcke, Dr. Andrea","Bündnis 90/Die Grünen","https://www.bundestag.de/abgeordnete/biografien/L/luebcke_andrea-1045874","true","4","Wahlkreisbüro Potsdam, Charlottenstraße 90/91, 14467 Potsdam | Wahlkreisbüro Frankfurt/Oder, Gubener Straße 40, 15230 Frankfurt/Oder | Wahlkreisbüro Königs-Wusterhausen, Bahnhofstraße 7b, 15711 Königs-Wusterhausen | Wahlkreisbüro Cottbus, Straße der Jugend 98, 03046 Cottbus","14467 | 15230 | 15711 | 03046","Potsdam | Frankfurt/Oder | Königs-Wusterhausen | Cottbus","Wahlkreisbüro Potsdam
Charlottenstraße 90/91
14467 Potsdam
---
Wahlkreisbüro Frankfurt/Oder
Gubener Straße 40
15230 Frankfurt/Oder
---
Wahlkreisbüro Königs-Wusterhausen
Bahnhofstraße 7b
15711 Königs-Wusterhausen
---
Wahlkreisbüro Cottbus
Straße der Jugend 98
03046 Cottbus"
"1045894","Lührmann, Dr. Anna","Bündnis 90/Die Grünen","https://www.bundestag.de/abgeordnete/biografien/L/luehrmann_anna-1045894","true","1","Wilhelmstraße 6, 65719 Hofheim am Taunus","65719","Hofheim am Taunus","Wilhelmstraße 6
65719 Hofheim am Taunus"
"1045892","Lugk, Bettina","SPD","https://www.bundestag.de/abgeordnete/biografien/L/lugk_bettina-1045892","true","1","Wahlkreisbüro Iserlohn, Elisabethstr. 32, 58636 Iserlohn","58636","Iserlohn","Wahlkreisbüro Iserlohn
Elisabethstr. 32
58636 Iserlohn"
"1045912","Maack, Sebastian","AfD","https://www.bundestag.de/abgeordnete/biografien/M/maack_sebastian-1045912","false","0","","","",""
"1045922","Machalet, Dr. Tanja","SPD","https://www.bundestag.de/abgeordnete/biografien/M/machalet_tanja-1045922","true","3","Wahlkreisbüro Wirges, Bahnhofstraße 24, Hans-Schweitzer-Platz, 56422 Wirges | Wahlkreisbüro Hachenburg, Graf-Heinrich-Straße 12, 57627 Hachenburg | Wahlkreisbüro Nassau, Haus der AWO, Schloßstraße 4, 56377 Nassau","56422 | 57627 | 56377","Wirges | Hachenburg | Nassau","Wahlkreisbüro Wirges
Bahnhofstraße 24
Hans-Schweitzer-Platz
56422 Wirges
---
Wahlkreisbüro Hachenburg
Graf-Heinrich-Straße 12
57627 Hachenburg
---
Wahlkreisbüro Nassau
Haus der AWO
Schloßstraße 4
56377 Nassau"
"1048912","Mack, Klaus","CDU/CSU","https://www.bundestag.de/abgeordnete/biografien/M/mack_klaus-1048912","true","1","Kernerstraße 211 / 1, 75323 Bad Wildbad","75323","Bad Wildbad","Kernerstraße 211 / 1
75323 Bad Wildbad"
"1045928","Mackensen-Geis, Isabel","SPD","https://www.bundestag.de/abgeordnete/biografien/M/mackensen_geis_isabel-1045928","true","3","Wahlkreisbüro ansprechBar, Maximilianstraße 31, 67433 Neustadt an der Weinstraße | Wahlkreisbüro ansprechBar, Leiningerstraße 12, 67098 Bad Dürkheim | Wahlkreisbüro ansprechBar, Gutenbergstraße 11, 67346 Speyer","67433 | 67098 | 67346","Neustadt an der Weinstraße | Bad Dürkheim | Speyer","Wahlkreisbüro ansprechBar
Maximilianstraße 31
67433 Neustadt an der Weinstraße
---
Wahlkreisbüro ansprechBar
Leiningerstraße 12
67098 Bad Dürkheim
---
Wahlkreisbüro ansprechBar
Gutenbergstraße 11
67346 Speyer"
"1045958","Mandrella, David","SPD","https://www.bundestag.de/abgeordnete/biografien/M/mandrella_david-1045958","false","0","","","",""
"1045960","Mann, Holger","SPD","https://www.bundestag.de/abgeordnete/biografien/M/mann_holger-1045960","false","0","","","",""
"1045980","Martel, Johann","AfD","https://www.bundestag.de/abgeordnete/biografien/M/martel_johann-1045980","false","0","","","",""
"1045992","Marvi, Parsa","SPD","https://www.bundestag.de/abgeordnete/biografien/M/marvi_parsa-1045992","false","0","","","",""
"1046000","Mast, Katja","SPD","https://www.bundestag.de/abgeordnete/biografien/M/mast_katja-1046000","false","0","","","",""
"1046008","Mattfeldt, Andreas","CDU/CSU","https://www.bundestag.de/abgeordnete/biografien/M/mattfeldt_andreas-1046008","false","0","","","",""
"1046014","Matzerath, Markus","AfD","https://www.bundestag.de/abgeordnete/biografien/M/matzerath_markus-1046014","true","1","Wahlkreisbüro Markus Matzerath, Königin-Astrid-Straße 117, 52222 Stolberg","52222","Stolberg","Wahlkreisbüro Markus Matzerath
Königin-Astrid-Straße 117
52222 Stolberg"
"1046022","Mayer, Andreas","AfD","https://www.bundestag.de/abgeordnete/biografien/M/mayer_andreas-1046022","true","2","Wahlkreisbüro Lauingen, Dillinger Str. 8, 89415 Lauingen | Wahlkreisbüro Kempten, Daimlerstraße 22, 87437 Kempten","89415 | 87437","Lauingen | Kempten","Wahlkreisbüro Lauingen
Dillinger Str. 8
89415 Lauingen
---
Wahlkreisbüro Kempten
Daimlerstraße 22
87437 Kempten"
"1048932","Mayer, Stephan","CDU/CSU","https://www.bundestag.de/abgeordnete/biografien/M/mayer_stephan-1048932","true","1","Neuöttinger Straße 5/II, 84503 Altötting","84503","Altötting","Neuöttinger Straße 5/II
84503 Altötting"
"1046026","Mayer, Dr. Zoe","Bündnis 90/Die Grünen","https://www.bundestag.de/abgeordnete/biografien/M/mayer_zoe-1046026","true","1","Redtenbacherstraße 9, 76133 Karlsruhe","76133","Karlsruhe","Redtenbacherstraße 9
76133 Karlsruhe"
"1048934","Mayer-Lay, Volker","CDU/CSU","https://www.bundestag.de/abgeordnete/biografien/M/mayer_lay_volker-1048934","true","1","Karlstraße 17, 88045 Friedrichshafen","88045","Friedrichshafen","Karlstraße 17
88045 Friedrichshafen"
"1046028","Mazzi, Tamara","Die Linke","https://www.bundestag.de/abgeordnete/biografien/M/mazzi_tamara-1046028","true","1","Kaiserstraße 38, 24143 Kiel","24143","Kiel","Kaiserstraße 38
24143 Kiel"
"1046044","Meiners, Danny","AfD","https://www.bundestag.de/abgeordnete/biografien/M/meiners_danny-1046044","false","0","","","",""
"1046050","Meiser, Pascal","Die Linke","https://www.bundestag.de/abgeordnete/biografien/M/meiser_pascal-1046050","true","1","Zeughofstr. 22, 10997 Berlin","10997","Berlin","Zeughofstr. 22
10997 Berlin"
"1046052","Meister, Dr. Michael","CDU/CSU","https://www.bundestag.de/abgeordnete/biografien/M/meister_michael-1046052","true","1","Büro Bensheim, Hauptstraße 71-73, 64625 Bensheim, Büro Heppenheim, Schönbacherstraße 5, 64646 Heppenheim","64625","Bensheim","Büro Bensheim
Hauptstraße 71-73
64625 Bensheim
Büro Heppenheim
Schönbacherstraße 5
64646 Heppenheim"
"1046072","Merendino, Stella","Die Linke","https://www.bundestag.de/abgeordnete/biografien/M/merendino_ottavia-1046072","true","1","Usedomer Str. 32, 13355 Berlin","13355","Berlin","Usedomer Str. 32
13355 Berlin"
"1046080","Merz, Friedrich","CDU/CSU","https://www.bundestag.de/abgeordnete/biografien/M/merz_friedrich-1046080","true","1","Le-Puy Straße 17, 59872 Meschede","59872","Meschede","Le-Puy Straße 17
59872 Meschede"
"1046086","Metzler, Jan","CDU/CSU","https://www.bundestag.de/abgeordnete/biografien/M/metzler_jan-1046086","true","2","Bürgerbüro Worms, Weckerlingplatz 1, 67547 Worms | Bürgerbüro Alzey, St.-Georgen-Straße 50, 55232 Alzey","67547 | 55232","Worms | Alzey","Bürgerbüro Worms
Weckerlingplatz 1
67547 Worms
---
Bürgerbüro Alzey
St.-Georgen-Straße 50
55232 Alzey"
"1046106","Meyer-Soltau, Knuth","AfD","https://www.bundestag.de/abgeordnete/biografien/M/meyer_soltau_knuth-1046106","true","1","Somborner Strasse 83, 44894 Bochum, Startseite, Abgeordnete, Biografien, M, zurück zu: Biografien, (), Instagram, Instagram-Kanäle, Bundestag, (Externer Link, Link öffnet ein neues Fenster), Bundestagspräsidentin, (Externer Link, Link öffnet ein neues Fenster), LinkedIn, Mastodon, Mastodon-Kanäle, Bundestag, (Externer Link, Link öffnet ein neues Fenster), hib-Nachrichten, (Externer Link, Link öffnet ein neues Fenster), WhatsApp, YouTube, Hilfe, Kontakt, Inhaltsübersicht, Instagram, Instagram-Kanäle, Bundestag, (Externer Link, Link öffnet ein neues Fenster), Bundestagspräsidentin, (Externer Link, Link öffnet ein neues Fenster), LinkedIn, Mastodon, Mastodon-Kanäle, Bundestag, (Externer Link, Link öffnet ein neues Fenster), hib-Nachrichten, (Externer Link, Link öffnet ein neues Fenster), WhatsApp, YouTube, Barrierefreiheit, Datenschutz, Impressum, © Deutscher Bundestag, Ausdruck aus dem Internet-Angebot des Deutschen Bundestages, https://www.bundestag.de/abgeordnete/biografien/M/meyer_soltau_knuth-1046106, Stand: 04.07.2026","44894","Bochum","Somborner Strasse 83
44894 Bochum
Startseite
Abgeordnete
Biografien
M
zurück zu: Biografien
()
Instagram
Instagram-Kanäle
Bundestag
(Externer Link, Link öffnet ein neues Fenster)
Bundestagspräsidentin
(Externer Link, Link öffnet ein neues Fenster)
LinkedIn
Mastodon
Mastodon-Kanäle
Bundestag
(Externer Link, Link öffnet ein neues Fenster)
hib-Nachrichten
(Externer Link, Link öffnet ein neues Fenster)
WhatsApp
YouTube
Hilfe
Kontakt
Inhaltsübersicht
Instagram
Instagram-Kanäle
Bundestag
(Externer Link, Link öffnet ein neues Fenster)
Bundestagspräsidentin
(Externer Link, Link öffnet ein neues Fenster)
LinkedIn
Mastodon
Mastodon-Kanäle
Bundestag
(Externer Link, Link öffnet ein neues Fenster)
hib-Nachrichten
(Externer Link, Link öffnet ein neues Fenster)
WhatsApp
YouTube
Barrierefreiheit
Datenschutz
Impressum
© Deutscher Bundestag
Ausdruck aus dem Internet-Angebot des Deutschen Bundestages
https://www.bundestag.de/abgeordnete/biografien/M/meyer_soltau_knuth-1046106
Stand: 04.07.2026"
"1046108","Michaelsen, Swantje Henrike","Bündnis 90/Die Grünen","https://www.bundestag.de/abgeordnete/biografien/M/michaelsen_swantje-1046108","true","1","Odeonstraße 4, 30159 Hannover","30159","Hannover","Odeonstraße 4
30159 Hannover"
"1048962","Michel, Kathrin","SPD","https://www.bundestag.de/abgeordnete/biografien/M/michel_kathrin-1048962","true","3","Wahlkreisbüro Bautzen, Goschwitzstraße 36, 02526 Bautzen | Wahlkreisbüro Hoyerswerda, Friedrichsstraße 13B, 02977 Hoyerswerda | Wahlkreisbüro Kamenz, Bautzner Str. 29, 01917 Kamenz","02526 | 02977 | 01917","Bautzen | Hoyerswerda | Kamenz","Wahlkreisbüro Bautzen
Goschwitzstraße 36
02526 Bautzen
---
Wahlkreisbüro Hoyerswerda
Friedrichsstraße 13B
02977 Hoyerswerda
---
Wahlkreisbüro Kamenz
Bautzner Str. 29
01917 Kamenz"
"1046116","Middelberg, Dr. Mathias","CDU/CSU","https://www.bundestag.de/abgeordnete/biografien/M/middelberg_mathias-1046116","true","1","Heger-Tor-Wall 23, 49078 Osnabrück","49078","Osnabrück","Heger-Tor-Wall 23
49078 Osnabrück"
"1046120","Miersch, Dr. Matthias","SPD","https://www.bundestag.de/abgeordnete/biografien/M/miersch_matthias-1046120","true","1","Odeonstraße 15/16, 30159 Hannover","30159","Hannover","Odeonstraße 15/16
30159 Hannover"
"1046124","Mieves, Matthias David","SPD","https://www.bundestag.de/abgeordnete/biografien/M/mieves_matthias-1046124","false","0","","","",""
"1046128","Mihalic, Dr. Irene","Bündnis 90/Die Grünen","https://www.bundestag.de/abgeordnete/biografien/M/mihalic_irene-1046128","true","1","Ebertstraße 28, 45879 Gelsenkirchen","45879","Gelsenkirchen","Ebertstraße 28
45879 Gelsenkirchen"
"1046130","Mijatović, Boris","Bündnis 90/Die Grünen","https://www.bundestag.de/abgeordnete/biografien/M/mijatovic_boris-1046130","true","2","Wahlkreisbüro Kassel, Sickingenstraße 7-9, 34117 Kassel | Wahlkreisbüro Fulda, Rabanusstraße 35, 36037 Fulda","34117 | 36037","Kassel | Fulda","Wahlkreisbüro Kassel
Sickingenstraße 7-9
34117 Kassel
---
Wahlkreisbüro Fulda
Rabanusstraße 35
36037 Fulda"
"1046136","Minich, Sergej","AfD","https://www.bundestag.de/abgeordnete/biografien/M/minich_sergej-1046136","false","0","","","",""
"1046140","Mirow, Sahra","Die Linke","https://www.bundestag.de/abgeordnete/biografien/M/mirow_sahra-1046140","false","0","","","",""
"1046146","Mixl, Reinhard","AfD","https://www.bundestag.de/abgeordnete/biografien/M/mixl_reinhard-1046146","false","0","","","",""
"1046172","Möller, Siemtje","SPD","https://www.bundestag.de/abgeordnete/biografien/M/moeller_siemtje-1046172","true","1","St.-Annen-Str. 2, 26441 Jever","26441","Jever","St.-Annen-Str. 2
26441 Jever"
"1046174","Möller, Stefan","AfD","https://www.bundestag.de/abgeordnete/biografien/M/moeller_stefan-1046174","true","1","Lange Straße 6, 99947 Bad Langensalza","99947","Bad Langensalza","Lange Straße 6
99947 Bad Langensalza"
"1046166","Moll, Claudia","SPD","https://www.bundestag.de/abgeordnete/biografien/M/moll_claudia-1046166","true","1","Markt 9, 52249 Eschweiler","52249","Eschweiler","Markt 9
52249 Eschweiler"
"1046188","Moosdorf, Matthias","AfD","https://www.bundestag.de/abgeordnete/biografien/M/moosdorf_matthias-1046188","false","0","","","",""
"1046208","Moser, Christian","CDU/CSU","https://www.bundestag.de/abgeordnete/biografien/M/moser_christian-1046208","false","0","","","",""
"1048984","Müller, Axel","CDU/CSU","https://www.bundestag.de/abgeordnete/biografien/M/mueller_axel-1048984","true","1","Rosenstraße 26, 88212 Ravensburg","88212","Ravensburg","Rosenstraße 26
88212 Ravensburg"
"1046224","Müller, Carsten","CDU/CSU","https://www.bundestag.de/abgeordnete/biografien/M/mueller_carsten-1046224","true","1","Gieselerwall 2, 38100 Braunschweig","38100","Braunschweig","Gieselerwall 2
38100 Braunschweig"
"1046228","Müller, Claudia","Bündnis 90/Die Grünen","https://www.bundestag.de/abgeordnete/biografien/M/mueller_claudia-1046228","true","1","Alter Markt 7, 18439 Stralsund, Doberaner Str. 13, 18057 Rostock","18439","Stralsund","Alter Markt 7
18439 Stralsund
Doberaner Str. 13
18057 Rostock"
"1046234","Müller, Florian","CDU/CSU","https://www.bundestag.de/abgeordnete/biografien/M/mueller_florian-1046234","true","2","Wahlkreisbüro Märkischer Kreis Süd, Friedrichstraße 21, 58507 Lüdenscheid | Wahlkreisbüro Olpe, Martinstraße 49, 57462 Olpe","58507 | 57462","Lüdenscheid | Olpe","Wahlkreisbüro Märkischer Kreis Süd
Friedrichstraße 21
58507 Lüdenscheid
---
Wahlkreisbüro Olpe
Martinstraße 49
57462 Olpe"
"1046248","Müller, Sascha","Bündnis 90/Die Grünen","https://www.bundestag.de/abgeordnete/biografien/M/mueller_sascha-1046248","true","1","Südliche Ringstr. 17, 91126 Schwabach, Barthstr. 1, 91207 Lauf","91126","Schwabach","Südliche Ringstr. 17
91126 Schwabach
Barthstr. 1
91207 Lauf"
"1046250","Müller, Sepp","CDU/CSU","https://www.bundestag.de/abgeordnete/biografien/M/mueller_sepp-1046250","true","3","Wahlkreisbüro Wittenberg, Johann-Friedrich-Böttger-Str. 10, 06886 Lutherstadt Wittenberg | Wahlkreisbüro Jessen (Elster), Markt 23, 06917 Jessen (Elster) | Wahlkreisbüro Roßlau, Markt 1, 06862 Dessau-Roßlau","06886 | 06917 | 06862","Lutherstadt Wittenberg | Jessen (Elster) | Dessau-Roßlau","Wahlkreisbüro Wittenberg
Johann-Friedrich-Böttger-Str. 10
06886 Lutherstadt Wittenberg
---
Wahlkreisbüro Jessen (Elster)
Markt 23
06917 Jessen (Elster)
---
Wahlkreisbüro Roßlau
Markt 1
06862 Dessau-Roßlau"
"1046268","Münzenmaier, Sebastian","AfD","https://www.bundestag.de/abgeordnete/biografien/M/muenzenmaier_sebastian-1046268","true","1","Budenheimer Weg 67, 55262 Ingelheim am Rhein, Hauptstraße 4, 67294 Gauersheim","55262","Ingelheim am Rhein","Budenheimer Weg 67
55262 Ingelheim am Rhein
Hauptstraße 4
67294 Gauersheim"
"1046274","Mützenich, Dr. Rolf","SPD","https://www.bundestag.de/abgeordnete/biografien/M/muetzenich_rolf-1046274","true","1","Magnusstraße 18b, 50672 Köln","50672","Köln","Magnusstraße 18b
50672 Köln"
"1046276","Nacke, Dr. Stefan","CDU/CSU","https://www.bundestag.de/abgeordnete/biografien/N/nacke_stefan-1046276","true","1","Hammer Straße 10, 48153 Münster","48153","Münster","Hammer Straße 10
48153 Münster"
"1046284","Nanni, Sara","Bündnis 90/Die Grünen","https://www.bundestag.de/abgeordnete/biografien/N/nanni_sara-1046284","true","1","Oststraße 41-43, 40211 Düsseldorf","40211","Düsseldorf","Oststraße 41-43
40211 Düsseldorf"
"1182708","Naser, Christoph","CDU/CSU","https://www.bundestag.de/abgeordnete/biografien/N/naser_christoph-1182708","true","1","Am Stadtgraben 21, 72070 Tübingen","72070","Tübingen","Am Stadtgraben 21
72070 Tübingen"
"1046286","Nasr, Rasha","SPD","https://www.bundestag.de/abgeordnete/biografien/N/nasr_rasha-1046286","true","1","Bürgerbüro „Die Hauptstadtvertretung“ Rasha Nasr, Devrientstraße 7, 01067 Dresden","01067","Dresden","Bürgerbüro „Die Hauptstadtvertretung“ Rasha Nasr
Devrientstraße 7
01067 Dresden"
"1049008","Naujok, Edgar","AfD","https://www.bundestag.de/abgeordnete/biografien/N/naujok_edgar-1049008","true","1","Ahornweg 12, 04420 Markranstädt, Dorfstr. 12, 04552 Borna","04420","Markranstädt","Ahornweg 12
04420 Markranstädt
Dorfstr. 12
04552 Borna"
"1046310","Neuhäuser, Charlotte Antonia","Die Linke","https://www.bundestag.de/abgeordnete/biografien/N/neuhaeuser_charlotte-1046310","true","1","Ledeburstr. 30, 33102 Paderborn, Bahnhofstr. 9, 59929 Brilon","33102","Paderborn","Ledeburstr. 30
33102 Paderborn
Bahnhofstr. 9
59929 Brilon"
"1046332","Nick, Dr. Ophelia","Bündnis 90/Die Grünen","https://www.bundestag.de/abgeordnete/biografien/N/nick_ophelia-1046332","true","1","Johannes-Flintrop-Straße 6, 40822 Mettmann","40822","Mettmann","Johannes-Flintrop-Straße 6
40822 Mettmann"
"1046344","Nieland, Iris","AfD","https://www.bundestag.de/abgeordnete/biografien/N/nieland_iris-1046344","false","0","","","",""
"1046360","Nolte, Jan Ralf","AfD","https://www.bundestag.de/abgeordnete/biografien/N/nolte_jan-1046360","false","0","","","",""
"1046366","Notz, Dr. Konstantin von","Bündnis 90/Die Grünen","https://www.bundestag.de/abgeordnete/biografien/N/notz_konstantin-1046366","true","1","Südring 50b, 21465 Wentorf","21465","Wentorf","Südring 50b
21465 Wentorf"
"1046368","Nouripour, Omid","Bündnis 90/Die Grünen","https://www.bundestag.de/abgeordnete/biografien/N/nouripour_omid-1046368","true","1","Oppenheimer Str. 17, 60594 Frankfurt am Main","60594","Frankfurt am Main","Oppenheimer Str. 17
60594 Frankfurt am Main"
"1046398","Oellers, Wilfried","CDU/CSU","https://www.bundestag.de/abgeordnete/biografien/O/oellers_wilfried-1046398","false","0","","","",""
"1046402","Oest, Florian","CDU/CSU","https://www.bundestag.de/abgeordnete/biografien/O/oest_florian-1046402","false","0","","","",""
"1046452","Özdemir, Cansu","Die Linke","https://www.bundestag.de/abgeordnete/biografien/O/oezdemir_cansu-1046452","true","1","Luruper Hauptstraße 149, 22547 Hamburg, Burchardstraße 21, 20095 Hamburg","22547","Hamburg","Luruper Hauptstraße 149
22547 Hamburg
Burchardstraße 21
20095 Hamburg"
"1046456","Özdemir, Mahmut","SPD","https://www.bundestag.de/abgeordnete/biografien/O/oezdemir_mahmut-1046456","true","1","Krummacher Straße 33, 47051 Duisburg","47051","Duisburg","Krummacher Straße 33
47051 Duisburg"
"1046460","Özoğuz, Aydan","SPD","https://www.bundestag.de/abgeordnete/biografien/O/oezoguz_aydan-1046460","true","1","Wahlkreisbüro Hamburg-Wandsbek, Wandsbeker Zollstraße 15, 22041 Hamburg","22041","Hamburg","Wahlkreisbüro Hamburg-Wandsbek
Wandsbeker Zollstraße 15
22041 Hamburg"
"1046420","Orthey, Harald","CDU/CSU","https://www.bundestag.de/abgeordnete/biografien/O/orthey_harald-1046420","true","1","Koblenzer Str. 48, 56410 Montabaur","56410","Montabaur","Koblenzer Str. 48
56410 Montabaur"
"1046422","Ortleb, Josephine","SPD","https://www.bundestag.de/abgeordnete/biografien/O/ortleb_josephine-1046422","true","1","Mainzer Straße 5, 66111 Saarbrücken","66111","Saarbrücken","Mainzer Straße 5
66111 Saarbrücken"
"1049032","Oßner, Florian","CDU/CSU","https://www.bundestag.de/abgeordnete/biografien/O/ossner_florian-1049032","true","2","Bürgerbüro Landshut, Freyung 618, 84028 Landshut | Bürgerbüro Abensberg, Weinbergerstraße 2, 93326 Abensberg","84028 | 93326","Landshut | Abensberg","Bürgerbüro Landshut
Freyung 618
84028 Landshut
---
Bürgerbüro Abensberg
Weinbergerstraße 2
93326 Abensberg"
"1046428","Oster, Josef","CDU/CSU","https://www.bundestag.de/abgeordnete/biografien/O/oster_josef-1046428","true","1","Clemensstr.18, 56068 Koblenz","56068","Koblenz","Clemensstr.18
56068 Koblenz"
"1046440","Otte, Henning","CDU/CSU","https://www.bundestag.de/abgeordnete/biografien/O/otte_henning-1046440","false","0","","","",""
"1046442","Otte, Karoline","Bündnis 90/Die Grünen","https://www.bundestag.de/abgeordnete/biografien/O/otte_karoline-1046442","true","1","Johannistorstraße 2, 37520 Osterode am Harz","37520","Osterode am Harz","Johannistorstraße 2
37520 Osterode am Harz"
"1046446","Otten, Gerold","AfD","https://www.bundestag.de/abgeordnete/biografien/O/otten_gerold-1046446","false","0","","","",""
"1046474","Pantazis, Dr. Christos","SPD","https://www.bundestag.de/abgeordnete/biografien/P/pantazis_christos-1046474","true","1","Schloßstraße 8, 38100 Braunschweig","38100","Braunschweig","Schloßstraße 8
38100 Braunschweig"
"1046476","Pantisano, Luigi","Die Linke","https://www.bundestag.de/abgeordnete/biografien/P/pantisano_luigi-1046476","true","1","Wahlkreisbüro Stuttgart, Linkseck, Liebenzeller Str. 1, 70372 Stuttgart","70372","Stuttgart","Wahlkreisbüro Stuttgart
Linkseck
Liebenzeller Str. 1
70372 Stuttgart"
"1046490","Paul, Andreas","AfD","https://www.bundestag.de/abgeordnete/biografien/P/paul_andreas-1046490","false","0","","","",""
"1046492","Pauli, Denis","AfD","https://www.bundestag.de/abgeordnete/biografien/P/pauli_denis-1046492","false","0","","","",""
"1046496","Pauls, Dr. Thomas","CDU/CSU","https://www.bundestag.de/abgeordnete/biografien/P/pauls_thomas-1046496","true","1","Pfingstweide 39, 61169 Friedberg","61169","Friedberg","Pfingstweide 39
61169 Friedberg"
"1046498","Paus, Lisa","Bündnis 90/Die Grünen","https://www.bundestag.de/abgeordnete/biografien/P/paus_lisa-1046498","false","0","","","",""
"1046500","Pawlik, Natalie","SPD","https://www.bundestag.de/abgeordnete/biografien/P/pawlik_natalie-1046500","true","1","In den Kolonnaden 1, 61231 Bad Nauheim","61231","Bad Nauheim","In den Kolonnaden 1
61231 Bad Nauheim"
"1046504","Peick, Jens","SPD","https://www.bundestag.de/abgeordnete/biografien/P/peick_jens-1046504","true","1","Brüderweg 10-12, 44135 Dortmund","44135","Dortmund","Brüderweg 10-12
44135 Dortmund"
"1046508","Pellmann, Sören","Die Linke","https://www.bundestag.de/abgeordnete/biografien/P/pellmann_soeren-1046508","true","1","Stuttgarter Allee 18, 04209 Leipzig, Braustraße 15, 04107 Leipzig","04209","Leipzig","Stuttgarter Allee 18
04209 Leipzig
Braustraße 15
04107 Leipzig"
"1046514","Peterka, Tobias Matthias","AfD","https://www.bundestag.de/abgeordnete/biografien/P/peterka_tobias-1046514","true","1","Friedrichstraße 53, 95444 Bayreuth","95444","Bayreuth","Friedrichstraße 53
95444 Bayreuth"
"1046534","Piechotta, Dr. med. Paula","Bündnis 90/Die Grünen","https://www.bundestag.de/abgeordnete/biografien/P/piechotta_paula-1046534","true","2","Wahlkreisbüro Südgrün, Karl-Liebknecht Straße 91, 04275 Leipzig | Bürgerbüro Taucha, Leipziger Str. 44, 04425 Taucha","04275 | 04425","Leipzig | Taucha","Wahlkreisbüro Südgrün
Karl-Liebknecht Straße 91
04275 Leipzig
---
Bürgerbüro Taucha
Leipziger Str. 44
04425 Taucha"
"1046542","Pilsinger, Dr. med. Stephan","CDU/CSU","https://www.bundestag.de/abgeordnete/biografien/P/pilsinger_stephan-1046542","true","1","Verdistraße 135, 81247 München","81247","München","Verdistraße 135
81247 München"
"1046550","Pistorius, Boris","SPD","https://www.bundestag.de/abgeordnete/biografien/P/pistorius_boris-1046550","true","1","Odeonstraße 15/16, 30159 Hannover","30159","Hannover","Odeonstraße 15/16
30159 Hannover"
"1046560","Ploß, Dr. Christoph","CDU/CSU","https://www.bundestag.de/abgeordnete/biografien/P/ploss_christoph-1046560","true","1","Hamburg-Nord/Alstertal, Leinpfad 74, 22299 Hamburg","22299","Hamburg","Hamburg-Nord/Alstertal
Leinpfad 74
22299 Hamburg"
"1046564","Plum, Dr. Martin","CDU/CSU","https://www.bundestag.de/abgeordnete/biografien/P/plum_martin-1046564","true","1","Goetersstraße 54, 41747 Viersen","41747","Viersen","Goetersstraße 54
41747 Viersen"
"1046586","Pöpsel, Oliver","CDU/CSU","https://www.bundestag.de/abgeordnete/biografien/P/poepsel_oliver-1046586","true","1","Bahnhofstr. 2, 59494 Soest, Lippborger Str. 10, 59510 Lippetal, Brüderstr. 4, 59555 Lippstadt","59494","Soest","Bahnhofstr. 2
59494 Soest
Lippborger Str. 10
59510 Lippetal
Brüderstr. 4
59555 Lippstadt"
"1046570","Pohlmann, Jan-Wilhelm","CDU/CSU","https://www.bundestag.de/abgeordnete/biografien/P/pohlmann_jan-1046570","true","2","Hagenstr. 3a, 34497 Korbach | Wahlkreisbüro Kassel-Land, Dr.-Walter-Lübcke-Haus, Heinrich-Plett-Str. 39, 34132 Kassel","34497 | 34132","Korbach | Kassel","Hagenstr. 3a
34497 Korbach
---
Wahlkreisbüro Kassel-Land
Dr.-Walter-Lübcke-Haus
Heinrich-Plett-Str. 39
34132 Kassel"
"1046574","Polat, Filiz","Bündnis 90/Die Grünen","https://www.bundestag.de/abgeordnete/biografien/P/polat_filiz-1046574","true","1","Hasestr. 41a, 49074 Osnabrück","49074","Osnabrück","Hasestr. 41a
49074 Osnabrück"
"1046592","Poschmann, Sabine","SPD","https://www.bundestag.de/abgeordnete/biografien/P/poschmann_sabine-1046592","true","1","Brüderweg 10–12, 44135 Dortmund","44135","Dortmund","Brüderweg 10–12
44135 Dortmund"
"1049074","Preisendanz, Dr. David","CDU/CSU","https://www.bundestag.de/abgeordnete/biografien/P/preisendanz_david-1049074","true","1","Bahnhofstraße 27, 73728 Esslingen a.N.","73728","Esslingen a.N.","Bahnhofstraße 27
73728 Esslingen a.N."
"1046620","Protschka, Stephan","AfD","https://www.bundestag.de/abgeordnete/biografien/P/protschka_stephan-1046620","true","1","Griesgasse 9, 84130 Dingolfing","84130","Dingolfing","Griesgasse 9
84130 Dingolfing"
"1046624","Przygodda, Kerstin","AfD","https://www.bundestag.de/abgeordnete/biografien/P/przygodda_kerstin-1046624","false","0","","","",""
"1046642","Queckemeyer, Marcel","AfD","https://www.bundestag.de/abgeordnete/biografien/Q/queckemeyer_marcel-1046642","false","0","","","",""
"1046646","Rabanus, Martin","SPD","https://www.bundestag.de/abgeordnete/biografien/R/rabanus_martin-1046646","true","1","Wiesbadener Straße 26, 65510 Idstein","65510","Idstein","Wiesbadener Straße 26
65510 Idstein"
"1046652","Rachel, Thomas","CDU/CSU","https://www.bundestag.de/abgeordnete/biografien/R/rachel_thomas-1046652","false","0","","","",""
"1046660","Radomski, Kerstin","CDU/CSU","https://www.bundestag.de/abgeordnete/biografien/R/radomski_kerstin-1046660","true","1","Carl-Wilhelm-Straße 30, 47798 Krefeld","47798","Krefeld","Carl-Wilhelm-Straße 30
47798 Krefeld"
"1049086","Radwan, Alexander","CDU/CSU","https://www.bundestag.de/abgeordnete/biografien/R/radwan_alexander-1049086","true","1","Valepper Str. 28, 83700 Rottach Egern","83700","Rottach Egern","Valepper Str. 28
83700 Rottach Egern"
"1046668","Rainer, Alois","CDU/CSU","https://www.bundestag.de/abgeordnete/biografien/R/rainer_alois-1046668","false","0","","","",""
"1046672","Ramelow, Bodo","Die Linke","https://www.bundestag.de/abgeordnete/biografien/R/ramelow_bodo-1046672","true","2","Wahlkreisbüro Erfurt, Magdeburger Allee 134, 99086 Erfurt | Wahlkreisbüro Weimar, c/o M17, Marktstraße 17, 99423 Weimar","99086 | 99423","Erfurt | Weimar","Wahlkreisbüro Erfurt
Magdeburger Allee 134
99086 Erfurt
---
Wahlkreisbüro Weimar
c/o M17
Marktstraße 17
99423 Weimar"
"1045704","Rathert, Dr. Anna","AfD","https://www.bundestag.de/abgeordnete/biografien/R/labitzke_rathert_anna-1045704","false","0","","","",""
"1046688","Raue, Arne","AfD","https://www.bundestag.de/abgeordnete/biografien/R/raue_arne-1046688","false","0","","","",""
"1049096","Reck, Christian","AfD","https://www.bundestag.de/abgeordnete/biografien/R/reck_christian-1049096","true","1","AfD Bürgerbüro Großenhain, Christian Reck (MdB), z.Hd. Carona Köhler, Dresdner Str. 7, 01558 Großenhain, AfD Bürgerbüro Coswig, Christian Reck (MdB), z.Hd. Thomas Walther, Dresdner Str. 48, 01640 Coswig, AfD Bürgerbüro Meißen, Christian Reck (MdB), z.Hd. Katrin Schindler, Roßmarkt 3, 01662 Meißen, AfD Bürgerbüro Riesa, Christian Reck (MdB), Lange Str. 25, 01587 Riesa","01558","Großenhain","AfD Bürgerbüro Großenhain
Christian Reck (MdB)
z.Hd. Carona Köhler
Dresdner Str. 7
01558 Großenhain
AfD Bürgerbüro Coswig
Christian Reck (MdB)
z.Hd. Thomas Walther
Dresdner Str. 48
01640 Coswig
AfD Bürgerbüro Meißen
Christian Reck (MdB)
z.Hd. Katrin Schindler
Roßmarkt 3
01662 Meißen
AfD Bürgerbüro Riesa
Christian Reck (MdB)
Lange Str. 25
01587 Riesa"
"1046704","Reddig, Pascal","CDU/CSU","https://www.bundestag.de/abgeordnete/biografien/R/reddig_pascal-1046704","true","1","Rudolf-Walther-Straße 4, 63584 Gründau","63584","Gründau","Rudolf-Walther-Straße 4
63584 Gründau"
"1049104","Rehbaum, Henning","CDU/CSU","https://www.bundestag.de/abgeordnete/biografien/R/rehbaum_henning-1049104","false","0","","","",""
"1046708","Rehm, Lukas","AfD","https://www.bundestag.de/abgeordnete/biografien/R/rehm_lukas-1046708","true","1","Wahlkreisbüro Lukas Rehm, Sachsstraße 13, 85080 Gaimersheim","85080","Gaimersheim","Wahlkreisbüro Lukas Rehm
Sachsstraße 13
85080 Gaimersheim"
"1046710","Reichardt, Martin","AfD","https://www.bundestag.de/abgeordnete/biografien/R/reichardt_martin-1046710","true","2","Wahlkreisbüro Zeitz, Domherrenstraße 7, 06712 Zeitz | Wahlkreisbüro Haldensleben, Bülstringer Straße 1, 39340 Haldensleben","06712 | 39340","Zeitz | Haldensleben","Wahlkreisbüro Zeitz
Domherrenstraße 7
06712 Zeitz
---
Wahlkreisbüro Haldensleben
Bülstringer Straße 1
39340 Haldensleben"
"1046712","Reichardt, Truels","SPD","https://www.bundestag.de/abgeordnete/biografien/R/reichardt_truels-1046712","false","0","","","",""
"1046714","Reichel, Dr. Markus","CDU/CSU","https://www.bundestag.de/abgeordnete/biografien/R/reichel_markus-1046714","false","0","","","",""
"1046720","Reichinnek, Heidi","Die Linke","https://www.bundestag.de/abgeordnete/biografien/R/reichinnek_heidi-1046720","true","1","Parkstraße 24a, 49080 Osnabrück","49080","Osnabrück","Parkstraße 24a
49080 Osnabrück"
"1046726","Reinalter, Dr. Anja","Bündnis 90/Die Grünen","https://www.bundestag.de/abgeordnete/biografien/R/reinalter_anja-1046726","true","1","Bahnhofstraße 27, 88400 Biberach","88400","Biberach","Bahnhofstraße 27
88400 Biberach"
"1046742","Reisner, Lea","Die Linke","https://www.bundestag.de/abgeordnete/biografien/R/reisner_lea-1046742","true","1","Severinswall 37, 50678 Köln","50678","Köln","Severinswall 37
50678 Köln"
"1046750","Renner, Martin Erwin","AfD","https://www.bundestag.de/abgeordnete/biografien/R/renner_martin-1046750","false","0","","","",""
"1049114","Rentzsch, Matthias","AfD","https://www.bundestag.de/abgeordnete/biografien/R/rentzsch_matthias-1049114","false","0","","","",""
"1046792","Rietenberg, Sylvia","Bündnis 90/Die Grünen","https://www.bundestag.de/abgeordnete/biografien/R/rietenberg_sylvia-1046792","true","1","Windthorststr. 7, 48143 Münster","48143","Münster","Windthorststr. 7
48143 Münster"
"1046796","Rinkert, Daniel","SPD","https://www.bundestag.de/abgeordnete/biografien/R/rinkert_daniel-1046796","true","1","Breite Straße 31, 41515 Grevenbroich","41515","Grevenbroich","Breite Straße 31
41515 Grevenbroich"
"1049138","Röttgen, Dr. Norbert","CDU/CSU","https://www.bundestag.de/abgeordnete/biografien/R/roettgen_norbert-1049138","true","1","Mülheimer Str. 33a, 53604 Bad Honnef","53604","Bad Honnef","Mülheimer Str. 33a
53604 Bad Honnef"
"1046878","Röwekamp, Thomas","CDU/CSU","https://www.bundestag.de/abgeordnete/biografien/R/roewekamp_thomas-1046878","true","1","Am Wall 135, 28195 Bremen","28195","Bremen","Am Wall 135
28195 Bremen"
"1046814","Rohde, Dennis","SPD","https://www.bundestag.de/abgeordnete/biografien/R/rohde_dennis-1046814","true","1","Huntestraße 23, 26135 Oldenburg","26135","Oldenburg","Huntestraße 23
26135 Oldenburg"
"1046822","Rohwer, Lars","CDU/CSU","https://www.bundestag.de/abgeordnete/biografien/R/rohwer_lars-1046822","true","1","Bürgerbüro, Kesselsdorfer Straße 41, 01159 Dresden","01159","Dresden","Bürgerbüro
Kesselsdorfer Straße 41
01159 Dresden"
"1046828","Roloff, Sebastian","SPD","https://www.bundestag.de/abgeordnete/biografien/R/roloff_sebastian-1046828","true","1","Freibadstraße 9 (Rückgebäude), 81543 München","81543","München","Freibadstraße 9 (Rückgebäude)
81543 München"
"1046858","Roth, Claudia","Bündnis 90/Die Grünen","https://www.bundestag.de/abgeordnete/biografien/R/roth_claudia-1046858","true","1","Katharinengasse 34, 86150 Augsburg","86150","Augsburg","Katharinengasse 34
86150 Augsburg"
"1049136","Rothenberger, Johannes","CDU/CSU","https://www.bundestag.de/abgeordnete/biografien/R/rothenberger_johannes-1049136","false","0","","","",""
"1046870","Rothfuß, Dr. Rainer","AfD","https://www.bundestag.de/abgeordnete/biografien/R/rothfuss_rainer-1046870","true","1","Wahlkreisbüro Oberallgäu, Fabrikstraße 4, 87437 Kempten","87437","Kempten","Wahlkreisbüro Oberallgäu
Fabrikstraße 4
87437 Kempten"
"1046874","Rottwilm, Dr. Philipp","SPD","https://www.bundestag.de/abgeordnete/biografien/R/rottwilm_philipp-1046874","true","2","Wahlkreisbüro Borken, Bahnhofstraße 36 c, 34582 Borken/Hessen | Wahlkreisbüro Frankenberg, Obermarkt 5, 35066 Frankenberg/Eder","34582 | 35066","Borken/Hessen | Frankenberg/Eder","Wahlkreisbüro Borken
Bahnhofstraße 36 c
34582 Borken/Hessen
---
Wahlkreisbüro Frankenberg
Obermarkt 5
35066 Frankenberg/Eder"
"1046876","Rouenhoff, Stefan","CDU/CSU","https://www.bundestag.de/abgeordnete/biografien/R/rouenhoff_stefan-1046876","true","1","Lindenallee 49, 47533 Kleve","47533","Kleve","Lindenallee 49
47533 Kleve"
"1046882","Rudolph, Dr. Thorsten","SPD","https://www.bundestag.de/abgeordnete/biografien/R/rudolph_thorsten-1046882","true","1","Mehlgasse 6, 56068 Koblenz","56068","Koblenz","Mehlgasse 6
56068 Koblenz"
"1046888","Rudzka, Angela","AfD","https://www.bundestag.de/abgeordnete/biografien/R/rudzka_angela-1046888","true","2","Wahlkreisbüro Holzminden,, Mittlere Straße 9, 37603 Holzminden | Wahlkreisbüro Schladen, Damm 25, 38315 Schladen","37603 | 38315","Holzminden | Schladen","Wahlkreisbüro Holzminden,
Mittlere Straße 9
37603 Holzminden
---
Wahlkreisbüro Schladen
Damm 25
38315 Schladen"
"1046892","Rüffer, Corinna","Bündnis 90/Die Grünen","https://www.bundestag.de/abgeordnete/biografien/R/rueffer_corinna-1046892","true","1","Jüdemerstraße 16, 54290 Trier","54290","Trier","Jüdemerstraße 16
54290 Trier"
"1046916","Rützel, Bernd","SPD","https://www.bundestag.de/abgeordnete/biografien/R/ruetzel_bernd-1046916","false","0","","","",""
"1046900","Rump, Daniela","SPD","https://www.bundestag.de/abgeordnete/biografien/R/rump_daniela-1046900","false","0","","","",""
"1046904","Rupp, Ruben","AfD","https://www.bundestag.de/abgeordnete/biografien/R/rupp_ruben-1046904","true","1","Gögginger Straße 1, 73575 Leinzell","73575","Leinzell","Gögginger Straße 1
73575 Leinzell"
"1046908","Rupprecht, Albert","CDU/CSU","https://www.bundestag.de/abgeordnete/biografien/R/rupprecht_albert-1046908","false","0","","","",""
"1046924","Saathoff, Johann","SPD","https://www.bundestag.de/abgeordnete/biografien/S/saathoff_johann-1046924","true","1","Burggraben 46, 26506 Norden","26506","Norden","Burggraben 46
26506 Norden"
"1046944","Salihović, Zada","Die Linke","https://www.bundestag.de/abgeordnete/biografien/S/salihovic_zada-1046944","false","0","","","",""
"1046964","Santos-Wintz, Catarina dos","CDU/CSU","https://www.bundestag.de/abgeordnete/biografien/S/santos_wintz_catarina-1046964","false","0","","","",""
"1046970","Sassenrath, Carl-Philipp","CDU/CSU","https://www.bundestag.de/abgeordnete/biografien/S/sassenrath_carl-1046970","true","1","Münsterplatz 13a, 41460 Neuss","41460","Neuss","Münsterplatz 13a
41460 Neuss"
"1046992","Schäfer, Jamila","Bündnis 90/Die Grünen","https://www.bundestag.de/abgeordnete/biografien/S/schaefer_jamila-1046992","true","1","Implerstr 66, 81371 München","81371","München","Implerstr 66
81371 München"
"1046998","Schäfer, Dr. Sebastian","Bündnis 90/Die Grünen","https://www.bundestag.de/abgeordnete/biografien/S/schaefer_sebastian-1046998","true","1","Im Heppächer 15, 73728 Esslingen am Neckar","73728","Esslingen am Neckar","Im Heppächer 15
73728 Esslingen am Neckar"
"1047012","Schätzl, Johannes","SPD","https://www.bundestag.de/abgeordnete/biografien/S/schaetzl_johannes-1047012","true","1","Marktstraße 15, 94051 Hauzenberg","94051","Hauzenberg","Marktstraße 15
94051 Hauzenberg"
"1047010","Schattner, Bernd","AfD","https://www.bundestag.de/abgeordnete/biografien/S/schattner_bernd-1047010","false","0","","","",""
"1047018","Schauws, Ulle","Bündnis 90/Die Grünen","https://www.bundestag.de/abgeordnete/biografien/S/schauws_ulle-1047018","false","0","","","",""
"1047022","Scheer, Dr. Nina","SPD","https://www.bundestag.de/abgeordnete/biografien/S/scheer_nina-1047022","true","1","SPD Büro Geesthacht, Markt 17, 21502 Geesthacht, SPD Büro Ahrensburg, Manhagener Allee 14, 22926 Ahrensburg","21502","Geesthacht","SPD Büro Geesthacht
Markt 17
21502 Geesthacht
SPD Büro Ahrensburg
Manhagener Allee 14
22926 Ahrensburg"
"1047034","Scheirich, Raimond","AfD","https://www.bundestag.de/abgeordnete/biografien/S/scheirich_raimond-1047034","false","0","","","",""
"1047036","Schenderlein, Dr. Christiane","CDU/CSU","https://www.bundestag.de/abgeordnete/biografien/S/schenderlein_christiane-1047036","true","1","Büro Torgau, Rosa-Luxemburg-Platz 2, 04860 Torgau, Büro Oschatz, Altmarkt 27, 04758 Oschatz, Büro Delitzsch, Roßplatz 6, 04509 Delitzsch","04860","Torgau","Büro Torgau
Rosa-Luxemburg-Platz 2
04860 Torgau
Büro Oschatz
Altmarkt 27
04758 Oschatz
Büro Delitzsch
Roßplatz 6
04509 Delitzsch"
"1049166","Scheurell, Volker","AfD","https://www.bundestag.de/abgeordnete/biografien/S/scheurell_volker-1049166","false","0","","","",""
"1047064","Schielke-Ziesing, Ulrike","AfD","https://www.bundestag.de/abgeordnete/biografien/S/schielke_ziesing_ulrike-1047064","true","2","Bürgerbüro Demmin, Treptower Straße 26, 17109 Demmin | Bürgerbüro Teterow, Warener Straße 13, 17166 Teterow","17109 | 17166","Demmin | Teterow","Bürgerbüro Demmin
Treptower Straße 26
17109 Demmin
---
Bürgerbüro Teterow
Warener Straße 13
17166 Teterow"
"1047068","Schieske, Lars","AfD","https://www.bundestag.de/abgeordnete/biografien/S/schieske_lars-1047068","true","1","Dresdener Straße 89, 03050 Cottbus","03050","Cottbus","Dresdener Straße 89
03050 Cottbus"
"1047072","Schießl, Carina","AfD","https://www.bundestag.de/abgeordnete/biografien/S/schiessl_carina-1047072","false","0","","","",""
"1047080","Schiller, Manfred","AfD","https://www.bundestag.de/abgeordnete/biografien/S/schiller_manfred-1047080","true","1","Christian-Seltmann-Str. 21, 92637 Weiden in der Oberpfalz","92637","Weiden in der Oberpfalz","Christian-Seltmann-Str. 21
92637 Weiden in der Oberpfalz"
"1047102","Schliesing, David","Die Linke","https://www.bundestag.de/abgeordnete/biografien/S/schliesing_david-1047102","true","3","Wahlkreisbüro Bernburg, Kleine Wilhelmstraße 2, 06406 Bernburg | Wahlkreisbüro Haldensleben, Ritterstraße 1, 39340 Haldensleben | Wahlkreisbüro Burg, Schartauer Str. 41, 39288 Burg","06406 | 39340 | 39288","Bernburg | Haldensleben | Burg","Wahlkreisbüro Bernburg
Kleine Wilhelmstraße 2
06406 Bernburg
---
Wahlkreisbüro Haldensleben
Ritterstraße 1
39340 Haldensleben
---
Wahlkreisbüro Burg
Schartauer Str. 41
39288 Burg"
"1047116","Schmid, Christoph","SPD","https://www.bundestag.de/abgeordnete/biografien/S/schmid_christoph-1047116","true","1","Hindenburgstraße 16, 86609 Donauwörth, Untere Bachgasse 5, 87700 Memmingen","86609","Donauwörth","Hindenburgstraße 16
86609 Donauwörth
Untere Bachgasse 5
87700 Memmingen"
"1047120","Schmid, Dr. Nils","SPD","https://www.bundestag.de/abgeordnete/biografien/S/schmid_nils-1047120","false","0","","","",""
"1047134","Schmidt, Dagmar","SPD","https://www.bundestag.de/abgeordnete/biografien/S/schmidt_dagmar-1047134","true","1","Bergstraße 60, 35578 Wetzlar","35578","Wetzlar","Bergstraße 60
35578 Wetzlar"
"1047142","Schmidt, Henri","CDU/CSU","https://www.bundestag.de/abgeordnete/biografien/S/schmidt_henri-1047142","true","1","Heinrich-Hertz-Str. 21, 23909 Ratzeburg","23909","Ratzeburg","Heinrich-Hertz-Str. 21
23909 Ratzeburg"
"1047146","Schmidt, Jan Wenzel","fraktionslos","https://www.bundestag.de/abgeordnete/biografien/S/schmidt_jan-1047146","true","1","Magdeburger Straße 19, 39387 Oschersleben (Bode)","39387","Oschersleben (Bode)","Magdeburger Straße 19
39387 Oschersleben (Bode)"
"1047148","Schmidt, Julian","AfD","https://www.bundestag.de/abgeordnete/biografien/S/schmidt_julian-1047148","false","0","","","",""
"1047158","Schmidt, Dr. Paul","AfD","https://www.bundestag.de/abgeordnete/biografien/S/schmidt_paul-1047158","true","1","- in Planung -, Erreichbarkeitsadresse:, Hebelstraße 21, 76133 Karlsruhe, Startseite, Abgeordnete, Biografien, S, zurück zu: Biografien, (), Instagram, Instagram-Kanäle, Bundestag, (Externer Link, Link öffnet ein neues Fenster), Bundestagspräsidentin, (Externer Link, Link öffnet ein neues Fenster), LinkedIn, Mastodon, Mastodon-Kanäle, Bundestag, (Externer Link, Link öffnet ein neues Fenster), hib-Nachrichten, (Externer Link, Link öffnet ein neues Fenster), WhatsApp, YouTube, Hilfe, Kontakt, Inhaltsübersicht, Instagram, Instagram-Kanäle, Bundestag, (Externer Link, Link öffnet ein neues Fenster), Bundestagspräsidentin, (Externer Link, Link öffnet ein neues Fenster), LinkedIn, Mastodon, Mastodon-Kanäle, Bundestag, (Externer Link, Link öffnet ein neues Fenster), hib-Nachrichten, (Externer Link, Link öffnet ein neues Fenster), WhatsApp, YouTube, Barrierefreiheit, Datenschutz, Impressum, © Deutscher Bundestag, Ausdruck aus dem Internet-Angebot des Deutschen Bundestages, https://www.bundestag.de/abgeordnete/biografien/S/schmidt_paul-1047158, Stand: 04.07.2026","76133","Karlsruhe","- in Planung -
Erreichbarkeitsadresse:
Hebelstraße 21
76133 Karlsruhe
Startseite
Abgeordnete
Biografien
S
zurück zu: Biografien
()
Instagram
Instagram-Kanäle
Bundestag
(Externer Link, Link öffnet ein neues Fenster)
Bundestagspräsidentin
(Externer Link, Link öffnet ein neues Fenster)
LinkedIn
Mastodon
Mastodon-Kanäle
Bundestag
(Externer Link, Link öffnet ein neues Fenster)
hib-Nachrichten
(Externer Link, Link öffnet ein neues Fenster)
WhatsApp
YouTube
Hilfe
Kontakt
Inhaltsübersicht
Instagram
Instagram-Kanäle
Bundestag
(Externer Link, Link öffnet ein neues Fenster)
Bundestagspräsidentin
(Externer Link, Link öffnet ein neues Fenster)
LinkedIn
Mastodon
Mastodon-Kanäle
Bundestag
(Externer Link, Link öffnet ein neues Fenster)
hib-Nachrichten
(Externer Link, Link öffnet ein neues Fenster)
WhatsApp
YouTube
Barrierefreiheit
Datenschutz
Impressum
© Deutscher Bundestag
Ausdruck aus dem Internet-Angebot des Deutschen Bundestages
https://www.bundestag.de/abgeordnete/biografien/S/schmidt_paul-1047158
Stand: 04.07.2026"
"1047166","Schmidt, Sebastian","CDU/CSU","https://www.bundestag.de/abgeordnete/biografien/S/schmidt_sebastian-1047166","true","1","Königstraße 2, 23701 Eutin","23701","Eutin","Königstraße 2
23701 Eutin"
"1047168","Schmidt, Stefan","Bündnis 90/Die Grünen","https://www.bundestag.de/abgeordnete/biografien/S/schmidt_stefan-1047168","true","1","Wollwirkergasse 23, 93047 Regensburg","93047","Regensburg","Wollwirkergasse 23
93047 Regensburg"
"1047170","Schmidt, Uwe","SPD","https://www.bundestag.de/abgeordnete/biografien/S/schmidt_uwe-1047170","true","2","Wahlkreisbüro Bremerhaven, Schifferstraße 22, 27568 Bremerhaven | Wahlkreisbüro Bremen-Nord, Reeder-Bischoff-Straße 73, 28757 Bremen","27568 | 28757","Bremerhaven | Bremen","Wahlkreisbüro Bremerhaven
Schifferstraße 22
27568 Bremerhaven
---
Wahlkreisbüro Bremen-Nord
Reeder-Bischoff-Straße 73
28757 Bremen"
"1047194","Schneider (Erfurt), Carsten","SPD","https://www.bundestag.de/abgeordnete/biografien/S/schneider_carsten-1047194","true","2","Bürgerbüro Erfurt, Andreasstraße 3, 99084 Erfurt | Bürgerbüro Weimar, Graben 11, 99423 Weimar","99084 | 99423","Erfurt | Weimar","Bürgerbüro Erfurt
Andreasstraße 3
99084 Erfurt
---
Bürgerbüro Weimar
Graben 11
99423 Weimar"
"1047200","Schneider, Julia","Bündnis 90/Die Grünen","https://www.bundestag.de/abgeordnete/biografien/S/schneider_julia-1047200","true","1","Pappelallee 84, 10437 Berlin","10437","Berlin","Pappelallee 84
10437 Berlin"
"1047212","Schnieder, Patrick","CDU/CSU","https://www.bundestag.de/abgeordnete/biografien/S/schnieder_patrick-1047212","false","0","","","",""
"1047232","Schönberger, Marlene","Bündnis 90/Die Grünen","https://www.bundestag.de/abgeordnete/biografien/S/schoenberger_marlene-1047232","true","3","Wahlkreisbüro Pfarrkirchen, Passauer Straße 79, 84347 Pfarrkirchen | Wahlkreisbüro Dingolfing, Fischerei 8, 84130 Dingolfing | Wahlkreisbüro Landshut, Regierungsstraße 545, 84028 Landshut","84347 | 84130 | 84028","Pfarrkirchen | Dingolfing | Landshut","Wahlkreisbüro Pfarrkirchen
Passauer Straße 79
84347 Pfarrkirchen
---
Wahlkreisbüro Dingolfing
Fischerei 8
84130 Dingolfing
---
Wahlkreisbüro Landshut
Regierungsstraße 545
84028 Landshut"
"1047244","Schötz, Evelyn","Die Linke","https://www.bundestag.de/abgeordnete/biografien/S/schoetz_evelyn-1047244","true","1","Die Linke Nürnberg, Äußere Cramer-Klett-Str. 11 - 13, 90489 Nürnberg, Startseite, Abgeordnete, Biografien, S, zurück zu: Biografien, (), Instagram, Instagram-Kanäle, Bundestag, (Externer Link, Link öffnet ein neues Fenster), Bundestagspräsidentin, (Externer Link, Link öffnet ein neues Fenster), LinkedIn, Mastodon, Mastodon-Kanäle, Bundestag, (Externer Link, Link öffnet ein neues Fenster), hib-Nachrichten, (Externer Link, Link öffnet ein neues Fenster), WhatsApp, YouTube, Hilfe, Kontakt, Inhaltsübersicht, Instagram, Instagram-Kanäle, Bundestag, (Externer Link, Link öffnet ein neues Fenster), Bundestagspräsidentin, (Externer Link, Link öffnet ein neues Fenster), LinkedIn, Mastodon, Mastodon-Kanäle, Bundestag, (Externer Link, Link öffnet ein neues Fenster), hib-Nachrichten, (Externer Link, Link öffnet ein neues Fenster), WhatsApp, YouTube, Barrierefreiheit, Datenschutz, Impressum, © Deutscher Bundestag, Ausdruck aus dem Internet-Angebot des Deutschen Bundestages, https://www.bundestag.de/abgeordnete/biografien/S/schoetz_evelyn-1047244, Stand: 04.07.2026","90489","Nürnberg","Die Linke Nürnberg
Äußere Cramer-Klett-Str. 11 - 13
90489 Nürnberg
Startseite
Abgeordnete
Biografien
S
zurück zu: Biografien
()
Instagram
Instagram-Kanäle
Bundestag
(Externer Link, Link öffnet ein neues Fenster)
Bundestagspräsidentin
(Externer Link, Link öffnet ein neues Fenster)
LinkedIn
Mastodon
Mastodon-Kanäle
Bundestag
(Externer Link, Link öffnet ein neues Fenster)
hib-Nachrichten
(Externer Link, Link öffnet ein neues Fenster)
WhatsApp
YouTube
Hilfe
Kontakt
Inhaltsübersicht
Instagram
Instagram-Kanäle
Bundestag
(Externer Link, Link öffnet ein neues Fenster)
Bundestagspräsidentin
(Externer Link, Link öffnet ein neues Fenster)
LinkedIn
Mastodon
Mastodon-Kanäle
Bundestag
(Externer Link, Link öffnet ein neues Fenster)
hib-Nachrichten
(Externer Link, Link öffnet ein neues Fenster)
WhatsApp
YouTube
Barrierefreiheit
Datenschutz
Impressum
© Deutscher Bundestag
Ausdruck aus dem Internet-Angebot des Deutschen Bundestages
https://www.bundestag.de/abgeordnete/biografien/S/schoetz_evelyn-1047244
Stand: 04.07.2026"
"1047228","Scholz, Olaf","SPD","https://www.bundestag.de/abgeordnete/biografien/S/scholz_olaf-1047228","false","0","","","",""
"1047252","Schraps, Johannes","SPD","https://www.bundestag.de/abgeordnete/biografien/S/schraps_johannes-1047252","true","2","Wahlkreisbüro Hameln, Heiliggeiststr. 2, 31785 Hameln | Wahlkreisbüro Holzminden, Halbmondstraße 20, 37603 Holzminden","31785 | 37603","Hameln | Holzminden","Wahlkreisbüro Hameln
Heiliggeiststr. 2
31785 Hameln
---
Wahlkreisbüro Holzminden
Halbmondstraße 20
37603 Holzminden"
"1049188","Schreiner, Felix","CDU/CSU","https://www.bundestag.de/abgeordnete/biografien/S/schreiner_felix-1049188","true","1","Hauptstrasse 18, 79761 Waldshut-Tiengen","79761","Waldshut-Tiengen","Hauptstrasse 18
79761 Waldshut-Tiengen"
"1047266","Schrodi, Michael","SPD","https://www.bundestag.de/abgeordnete/biografien/S/schrodi_michael-1047266","false","0","","","",""
"1047264","Schröder, Stefan","AfD","https://www.bundestag.de/abgeordnete/biografien/S/schroeder_stefan-1047264","true","1","Ernst-Thälmann-Str. 2, 99634 Straußfurt, Weißenseerstr. 8, 99610 Sömmerda, August-Bebel Str. 9, 99444 Blankenhain, Ritterstr. 3-5, 99510 Apolda","99634","Straußfurt","Ernst-Thälmann-Str. 2
99634 Straußfurt
Weißenseerstr. 8
99610 Sömmerda
August-Bebel Str. 9
99444 Blankenhain
Ritterstr. 3-5
99510 Apolda"
"1047268","Schroeter, Georg","AfD","https://www.bundestag.de/abgeordnete/biografien/S/schroeter_georg-1047268","true","1","Römerstraße 18, 59075 Hamm, Startseite, Abgeordnete, Biografien, S, zurück zu: Biografien, (), Instagram, Instagram-Kanäle, Bundestag, (Externer Link, Link öffnet ein neues Fenster), Bundestagspräsidentin, (Externer Link, Link öffnet ein neues Fenster), LinkedIn, Mastodon, Mastodon-Kanäle, Bundestag, (Externer Link, Link öffnet ein neues Fenster), hib-Nachrichten, (Externer Link, Link öffnet ein neues Fenster), WhatsApp, YouTube, Hilfe, Kontakt, Inhaltsübersicht, Instagram, Instagram-Kanäle, Bundestag, (Externer Link, Link öffnet ein neues Fenster), Bundestagspräsidentin, (Externer Link, Link öffnet ein neues Fenster), LinkedIn, Mastodon, Mastodon-Kanäle, Bundestag, (Externer Link, Link öffnet ein neues Fenster), hib-Nachrichten, (Externer Link, Link öffnet ein neues Fenster), WhatsApp, YouTube, Barrierefreiheit, Datenschutz, Impressum, © Deutscher Bundestag, Ausdruck aus dem Internet-Angebot des Deutschen Bundestages, https://www.bundestag.de/abgeordnete/biografien/S/schroeter_georg-1047268, Stand: 04.07.2026","59075","Hamm","Römerstraße 18
59075 Hamm
Startseite
Abgeordnete
Biografien
S
zurück zu: Biografien
()
Instagram
Instagram-Kanäle
Bundestag
(Externer Link, Link öffnet ein neues Fenster)
Bundestagspräsidentin
(Externer Link, Link öffnet ein neues Fenster)
LinkedIn
Mastodon
Mastodon-Kanäle
Bundestag
(Externer Link, Link öffnet ein neues Fenster)
hib-Nachrichten
(Externer Link, Link öffnet ein neues Fenster)
WhatsApp
YouTube
Hilfe
Kontakt
Inhaltsübersicht
Instagram
Instagram-Kanäle
Bundestag
(Externer Link, Link öffnet ein neues Fenster)
Bundestagspräsidentin
(Externer Link, Link öffnet ein neues Fenster)
LinkedIn
Mastodon
Mastodon-Kanäle
Bundestag
(Externer Link, Link öffnet ein neues Fenster)
hib-Nachrichten
(Externer Link, Link öffnet ein neues Fenster)
WhatsApp
YouTube
Barrierefreiheit
Datenschutz
Impressum
© Deutscher Bundestag
Ausdruck aus dem Internet-Angebot des Deutschen Bundestages
https://www.bundestag.de/abgeordnete/biografien/S/schroeter_georg-1047268
Stand: 04.07.2026"
"1047276","Schubert, Lisa","Die Linke","https://www.bundestag.de/abgeordnete/biografien/S/1047276-1047276","false","0","","","",""
"1047278","Schuhmann, Bernd","AfD","https://www.bundestag.de/abgeordnete/biografien/S/schuhmann_bernd-1047278","false","0","","","",""
"1047290","Schulz, Marvin","CDU/CSU","https://www.bundestag.de/abgeordnete/biografien/S/schulz_marvin-1047290","false","0","","","",""
"1047300","Schulz, Uwe","AfD","https://www.bundestag.de/abgeordnete/biografien/S/schulz_uwe-1047300","true","1","Postfach 100123, 35331 Gießen","35331","Gießen","Postfach 100123
35331 Gießen"
"1047308","Schulze, Svenja","SPD","https://www.bundestag.de/abgeordnete/biografien/S/schulze_svenja-1047308","true","1","Bahnhofstraße 9, 48143 Münster","48143","Münster","Bahnhofstraße 9
48143 Münster"
"1047336","Schwabe, Frank","SPD","https://www.bundestag.de/abgeordnete/biografien/S/schwabe_frank-1047336","true","1","Paulusstr. 45, 45657 Recklinghausen","45657","Recklinghausen","Paulusstr. 45
45657 Recklinghausen"
"1047344","Schwartze, Stefan","SPD","https://www.bundestag.de/abgeordnete/biografien/S/schwartze_stefan-1047344","false","0","","","",""
"1047346","Schwarz, Andreas","SPD","https://www.bundestag.de/abgeordnete/biografien/S/schwarz_andreas-1047346","true","1","Luitpoldstr. 48 A, 96052 Bamberg","96052","Bamberg","Luitpoldstr. 48 A
96052 Bamberg"
"1047350","Schwarzelühr-Sutter, Rita","SPD","https://www.bundestag.de/abgeordnete/biografien/S/schwarzeluehr_sutter_rita-1047350","false","0","","","",""
"1047360","Schwerdtner, Ines","Die Linke","https://www.bundestag.de/abgeordnete/biografien/S/schwerdtner_ines-1047360","false","0","","","",""
"1047378","Seidler, Stefan","fraktionslos","https://www.bundestag.de/abgeordnete/biografien/S/seidler_stefan-1047378","true","1","Norderstr. 74, 24937 Flensburg","24937","Flensburg","Norderstr. 74
24937 Flensburg"
"1047380","Seif, Detlef","CDU/CSU","https://www.bundestag.de/abgeordnete/biografien/S/seif_detlef-1047380","true","1","Bischofstraße 21, 53879 Euskirchen","53879","Euskirchen","Bischofstraße 21
53879 Euskirchen"
"1047384","Seifert, Dario","AfD","https://www.bundestag.de/abgeordnete/biografien/S/seifert_dario-1047384","false","0","","","",""
"1047392","Seitz, Nora","CDU/CSU","https://www.bundestag.de/abgeordnete/biografien/S/seitz_nora-1047392","true","1","Markt 4, 09111 Chemnitz","09111","Chemnitz","Markt 4
09111 Chemnitz"
"1047394","Seitzl, Dr. Lina","SPD","https://www.bundestag.de/abgeordnete/biografien/S/seitzl_lina-1047394","true","1","Sigismundstraße 10, 78462 Konstanz","78462","Konstanz","Sigismundstraße 10
78462 Konstanz"
"1047420","Sichert, Martin","AfD","https://www.bundestag.de/abgeordnete/biografien/S/sichert_martin-1047420","true","2","Wahlkreisbüro, Bismarckstr. 150, 26382 Wilhelmshaven | Wahlkreisbüro, Brückstr. 34, 26409 Wittmund","26382 | 26409","Wilhelmshaven | Wittmund","Wahlkreisbüro
Bismarckstr. 150
26382 Wilhelmshaven
---
Wahlkreisbüro
Brückstr. 34
26409 Wittmund"
"1049236","Silberhorn, Thomas","CDU/CSU","https://www.bundestag.de/abgeordnete/biografien/S/silberhorn_thomas-1049236","true","1","Luitpoldstr. 55, 96052 Bamberg","96052","Bamberg","Luitpoldstr. 55
96052 Bamberg"
"1047448","Simon, Björn","CDU/CSU","https://www.bundestag.de/abgeordnete/biografien/S/simon_bjoern-1047448","true","1","CDU Kreisverband Offenbach, Waldemar-Klein-Platz 1, 63071 Offenbach, CDU Kreisverband Offenbach-Land, Stehnweg 2, 63500 Seligenstadt","63071","Offenbach","CDU Kreisverband Offenbach
Waldemar-Klein-Platz 1
63071 Offenbach
CDU Kreisverband Offenbach-Land
Stehnweg 2
63500 Seligenstadt"
"1047458","Slawik, Nyke","Bündnis 90/Die Grünen","https://www.bundestag.de/abgeordnete/biografien/S/slawik_nyke-1047458","true","1","Mülheimer Str. 7a, 51375 Leverkusen","51375","Leverkusen","Mülheimer Str. 7a
51375 Leverkusen"
"1047476","Sorge, Tino","CDU/CSU","https://www.bundestag.de/abgeordnete/biografien/S/sorge_tino-1047476","true","1","Wahlkreisbüro, Fürstenwallstr. 17, 39104 Magdeburg","39104","Magdeburg","Wahlkreisbüro
Fürstenwallstr. 17
39104 Magdeburg"
"1049240","Spahn, Jens","CDU/CSU","https://www.bundestag.de/abgeordnete/biografien/S/spahn_jens-1049240","true","1","Wüllener Str. 11, 48683 Ahaus","48683","Ahaus","Wüllener Str. 11
48683 Ahaus"
"1047502","Springer, René","AfD","https://www.bundestag.de/abgeordnete/biografien/S/springer_rene-1047502","false","0","","","",""
"1047506","Stadler, Svenja","SPD","https://www.bundestag.de/abgeordnete/biografien/S/stadler_svenja-1047506","true","1","Fleestedter Ring 3, 21217 Seevetal","21217","Seevetal","Fleestedter Ring 3
21217 Seevetal"
"1047508","Staffler, Katrin","CDU/CSU","https://www.bundestag.de/abgeordnete/biografien/S/staffler_katrin-1047508","true","1","Münchner Straße 10, 82256 Fürstenfeldbruck","82256","Fürstenfeldbruck","Münchner Straße 10
82256 Fürstenfeldbruck"
"1047516","Stange, Julia-Christina","Die Linke","https://www.bundestag.de/abgeordnete/biografien/S/stange_julia-1047516","true","1","Bismarckstr. 50, 67059 Ludwigshafen","67059","Ludwigshafen","Bismarckstr. 50
67059 Ludwigshafen"
"1047534","Steffen, Dr. Till","Bündnis 90/Die Grünen","https://www.bundestag.de/abgeordnete/biografien/S/steffen_till-1047534","true","1","Methfesselstr. 35, 20257 Hamburg","20257","Hamburg","Methfesselstr. 35
20257 Hamburg"
"1049256","Stefinger, Prof. Dr. Wolfgang","CDU/CSU","https://www.bundestag.de/abgeordnete/biografien/S/stefinger_wolfgang-1049256","false","0","","","",""
"1047540","Stegemann, Albert","CDU/CSU","https://www.bundestag.de/abgeordnete/biografien/S/stegemann_albert-1047540","true","1","Castellstraße 1, 49808 Lingen, Kolpingstraße 5, 49716 Meppen, Bahnhofstr. 21a, 48529 Nordhorn","49808","Lingen","Castellstraße 1
49808 Lingen
Kolpingstraße 5
49716 Meppen
Bahnhofstr. 21a
48529 Nordhorn"
"1047542","Stegner, Dr. Ralf","SPD","https://www.bundestag.de/abgeordnete/biografien/S/stegner_ralf-1047542","true","1","Friedrich-Ebert-Straße 34, 25421 Pinneberg","25421","Pinneberg","Friedrich-Ebert-Straße 34
25421 Pinneberg"
"1047552","Stein, Sandra","Bündnis 90/Die Grünen","https://www.bundestag.de/abgeordnete/biografien/S/stein_sandra-1047552","true","1","Wahlkreisbüro Meschede, Stiftsplatz 4, 59872 Meschede","59872","Meschede","Wahlkreisbüro Meschede
Stiftsplatz 4
59872 Meschede"
"1047556","Steineke, Sebastian","CDU/CSU","https://www.bundestag.de/abgeordnete/biografien/S/steineke_sebastian-1047556","true","1","Heinrich-Rau-Straße 31, 16816 Neuruppin","16816","Neuruppin","Heinrich-Rau-Straße 31
16816 Neuruppin"
"1047560","Steiniger, Johannes","CDU/CSU","https://www.bundestag.de/abgeordnete/biografien/S/steiniger_johannes-1047560","false","0","","","",""
"1047564","Steinmüller, Hanna","Bündnis 90/Die Grünen","https://www.bundestag.de/abgeordnete/biografien/S/steinmueller_hanna-1047564","true","1","Oldenburger Straße 33, 10551 Berlin","10551","Berlin","Oldenburger Straße 33
10551 Berlin"
"1047572","Stephan, Thomas","AfD","https://www.bundestag.de/abgeordnete/biografien/S/stephan_thomas-1047572","false","0","","","",""
"1049264","Stetten, Christian Freiherr von","CDU/CSU","https://www.bundestag.de/abgeordnete/biografien/S/stetten_christian-1049264","false","0","","","",""
"1047580","Stier, Dieter","CDU/CSU","https://www.bundestag.de/abgeordnete/biografien/S/stier_dieter-1047580","true","1","Saalstraße 7, 06667 Weißenfels","06667","Weißenfels","Saalstraße 7
06667 Weißenfels"
"1047596","Storch, Beatrix von","AfD","https://www.bundestag.de/abgeordnete/biografien/S/storch_beatrix-1047596","true","1","Zionskirchstr. 3, 10119 Berlin","10119","Berlin","Zionskirchstr. 3
10119 Berlin"
"1049272","Stracke, Stephan","CDU/CSU","https://www.bundestag.de/abgeordnete/biografien/S/stracke_stephan-1049272","true","1","Alte Weberei 2, 87600 Kaufbeuren","87600","Kaufbeuren","Alte Weberei 2
87600 Kaufbeuren"
"1047608","Strauß, Otto","AfD","https://www.bundestag.de/abgeordnete/biografien/S/strauss_otto-1047608","false","0","","","",""
"1047610","Strauss-Köster, Dr. Katja","CDU/CSU","https://www.bundestag.de/abgeordnete/biografien/S/strauss_koester_katja-1047610","true","1","Bochumer Straße 15, 45549 Sprockhövel","45549","Sprockhövel","Bochumer Straße 15
45549 Sprockhövel"
"1049274","Streeck, Prof. Dr. Hendrik","CDU/CSU","https://www.bundestag.de/abgeordnete/biografien/S/streeck_hendrik-1049274","false","0","","","",""
"1047638","Stüwe, Ruppert","SPD","https://www.bundestag.de/abgeordnete/biografien/S/stuewe_ruppert-1047638","true","1","Wahlkreisbüro Steglitz-Zehlendorf, Moltkestraße 52, 12203 Berlin","12203","Berlin","Wahlkreisbüro Steglitz-Zehlendorf
Moltkestraße 52
12203 Berlin"
"1047632","Stumpp, Christina","CDU/CSU","https://www.bundestag.de/abgeordnete/biografien/S/stumpp_christina-1047632","true","1","Stumpp MdB, Christina, Marktgasse 5, 71332 Waiblingen","71332","Waiblingen","Stumpp MdB, Christina
Marktgasse 5
71332 Waiblingen"
"1046942","Taher Saleh, Kassem","Bündnis 90/Die Grünen","https://www.bundestag.de/abgeordnete/biografien/T/taher_saleh_kassem-1046942","false","0","","","",""
"1047674","Tauschwitz, Vivian","CDU/CSU","https://www.bundestag.de/abgeordnete/biografien/T/tauschwitz_vivian-1047674","true","1","CDU-Wahlkreisbüro Rotenburg, Vivian Tauschwitz MdB, Schulstraße 2 a, 28870 Ottersberg-Posthausen, CDU-Wahlkreisbüro Walsrode, Vivian Tauschwitz MdB, Moorstraße 78 - 80, 29664 Walsrode","28870","Ottersberg-Posthausen","CDU-Wahlkreisbüro Rotenburg
Vivian Tauschwitz MdB
Schulstraße 2 a
28870 Ottersberg-Posthausen
CDU-Wahlkreisbüro Walsrode
Vivian Tauschwitz MdB
Moorstraße 78 - 80
29664 Walsrode"
"1047684","Teich, Tobias","AfD","https://www.bundestag.de/abgeordnete/biografien/T/teich_tobias-1047684","true","1","Sebastian-Bauer-Straße 8, 81737 München","81737","München","Sebastian-Bauer-Straße 8
81737 München"
"1047698","Tesfaiesus, Awet","Bündnis 90/Die Grünen","https://www.bundestag.de/abgeordnete/biografien/T/tesfaiesus_awet-1047698","true","2","Wahlkreisbüro Werra-Meißner, Kirchstraße 22-24, 37235 Hessisch Lichtenau | Wahlkreisbüro Hersfeld-Rotenburg, Marktplatz 12, 36199 Rotenburg","37235 | 36199","Hessisch Lichtenau | Rotenburg","Wahlkreisbüro Werra-Meißner
Kirchstraße 22-24
37235 Hessisch Lichtenau
---
Wahlkreisbüro Hersfeld-Rotenburg
Marktplatz 12
36199 Rotenburg"
"1047700","Teske, Robert","AfD","https://www.bundestag.de/abgeordnete/biografien/T/teske_robert-1047700","true","2","Wahlkreisbüro Robert Teske, Bahnhofstr. 23, 96515 Sonneberg | Wahlkreisbüro Robert Teske, Eleonorenstr. 10, 98617 Meiningen","96515 | 98617","Sonneberg | Meiningen","Wahlkreisbüro Robert Teske
Bahnhofstr. 23
96515 Sonneberg
---
Wahlkreisbüro Robert Teske
Eleonorenstr. 10
98617 Meiningen"
"1047714","Theis, Roland","CDU/CSU","https://www.bundestag.de/abgeordnete/biografien/T/theis_roland-1047714","true","3","Wahlkreisbüro Saarbrücken, Roland Theis MdB, Stengelstraße 5, 66117 Saarbrücken | Wahlkreisbüro St. Wendel, Roland Theis MdB, Schillerstraße 6a, 66606 St. Wendel | Wahlkreisbüro Ottweiler, Roland Theis MdB, Wilhelm-Heinrich-Straße 39, 66564 Ottweiler","66117 | 66606 | 66564","Saarbrücken | St. Wendel | Ottweiler","Wahlkreisbüro Saarbrücken
Roland Theis MdB
Stengelstraße 5
66117 Saarbrücken
---
Wahlkreisbüro St. Wendel
Roland Theis MdB
Schillerstraße 6a
66606 St. Wendel
---
Wahlkreisbüro Ottweiler
Roland Theis MdB
Wilhelm-Heinrich-Straße 39
66564 Ottweiler"
"1047718","Theiss, Prof. Dr. Hans","CDU/CSU","https://www.bundestag.de/abgeordnete/biografien/T/theiss_hans-1047718","true","1","Wahlkreisbüro, Prof. Dr. med. Hans Theiss, MdB, Adamstraße 2, 80636 München","80636","München","Wahlkreisbüro
Prof. Dr. med. Hans Theiss, MdB
Adamstraße 2
80636 München"
"1047722","Thews, Michael","SPD","https://www.bundestag.de/abgeordnete/biografien/T/thews_michael-1047722","true","1","Münsterstr. 46 b, 44534 Lünen","44534","Lünen","Münsterstr. 46 b
44534 Lünen"
"1047738","Thoden, Ulrich","Die Linke","https://www.bundestag.de/abgeordnete/biografien/T/thoden_ulrich-1047738","true","1","Karlstraße 17, 48282 Emsdetten, Telefon: +49 (0)2572 960 7760","48282","Emsdetten","Karlstraße 17
48282 Emsdetten
Telefon: +49 (0)2572 960 7760"
"1049290","Throm, Alexander","CDU/CSU","https://www.bundestag.de/abgeordnete/biografien/T/throm_alexander-1049290","false","0","","","",""
"1047754","Timmermann-Fechter, Astrid","CDU/CSU","https://www.bundestag.de/abgeordnete/biografien/T/timmermann_fechter_astrid-1047754","false","0","","","",""
"1047772","Töns, Markus","SPD","https://www.bundestag.de/abgeordnete/biografien/T/toens_markus-1047772","true","2","Bürgerbüro I, Gabelsbergerstr. 15, 45879 Gelsenkirchen | Bürgerbüro II, Goldbergstr. 64, 45894 Gelsenkirchen","45879 | 45894","Gelsenkirchen | Gelsenkirchen","Bürgerbüro I
Gabelsbergerstr. 15
45879 Gelsenkirchen
---
Bürgerbüro II
Goldbergstr. 64
45894 Gelsenkirchen"
"1047780","Trabert, Gerhard","Die Linke","https://www.bundestag.de/abgeordnete/biografien/T/trabert_gerhard-1047780","false","0","","","",""
"1047782","Träger, Carsten","SPD","https://www.bundestag.de/abgeordnete/biografien/T/traeger_carsten-1047782","false","0","","","",""
"1047790","Treuheit, Bastian","AfD","https://www.bundestag.de/abgeordnete/biografien/T/treuheit_bastian-1047790","true","2","Wahlkreisbüro Fürth, Königstr. 90, 90762 Fürth | Wahlkreisbüro Nürnberg, Willy-Brandt-Platz-10, 90402 Nürnberg","90762 | 90402","Fürth | Nürnberg","Wahlkreisbüro Fürth
Königstr. 90
90762 Fürth
---
Wahlkreisbüro Nürnberg
Willy-Brandt-Platz-10
90402 Nürnberg"
"1047796","Troff-Schaffarzyk, Anja","SPD","https://www.bundestag.de/abgeordnete/biografien/T/troff_schaffarzyk_anja-1047796","true","2","Wahlkreisbüro in Leer, Friesenstr. 58, 26789 Leer | Wahlkreisbüro in Meppen, Lathener Str. 15a, 49716 Meppen","26789 | 49716","Leer | Meppen","Wahlkreisbüro in Leer
Friesenstr. 58
26789 Leer
---
Wahlkreisbüro in Meppen
Lathener Str. 15a
49716 Meppen"
"1047808","Türk-Nachbaur, Derya","SPD","https://www.bundestag.de/abgeordnete/biografien/T/tuerk_nachbaur_derya-1047808","true","1","Am Niederen Tor 3, 78050 Villingen-Schwenningen","78050","Villingen-Schwenningen","Am Niederen Tor 3
78050 Villingen-Schwenningen"
"1047818","Uhlig, Katrin","Bündnis 90/Die Grünen","https://www.bundestag.de/abgeordnete/biografien/U/uhlig_katrin-1047818","true","1","Gangolfstr. 6, 53111 Bonn","53111","Bonn","Gangolfstr. 6
53111 Bonn"
"1047820","Uhr, Martina","AfD","https://www.bundestag.de/abgeordnete/biografien/U/uhr_martina-1047820","false","0","","","",""
"1047844","Valent, Aaron","Die Linke","https://www.bundestag.de/abgeordnete/biografien/V/valent_aaron-1047844","true","2","Wahlkreisbüro Würzburg, Gerberstraße 10, 97070 Würzburg | Wahlkreisbüro Bamberg, Grüner Markt 15, 96047 Bamberg","97070 | 96047","Würzburg | Bamberg","Wahlkreisbüro Würzburg
Gerberstraße 10
97070 Würzburg
---
Wahlkreisbüro Bamberg
Grüner Markt 15
96047 Bamberg"
"1047846","Vandre, Isabelle","Die Linke","https://www.bundestag.de/abgeordnete/biografien/V/vandre_isabelle-1047846","true","4","Wahlkreisbüro Potsdam, Zeppelinstr. 7, 14471 Potsdam | Wahlkreisbüro Strausberg, Große Straße 45, 15344 Strausberg | Wahlkreisbüro Bernau, Berliner Str. 17, 16321 Bernau bei Berlin | Wahlkreisbüro Ludwigsfelde, Maxim-Gorki-Straße 10, 14974 Ludwigsfelde","14471 | 15344 | 16321 | 14974","Potsdam | Strausberg | Bernau bei Berlin | Ludwigsfelde","Wahlkreisbüro Potsdam
Zeppelinstr. 7
14471 Potsdam
---
Wahlkreisbüro Strausberg
Große Straße 45
15344 Strausberg
---
Wahlkreisbüro Bernau
Berliner Str. 17
16321 Bernau bei Berlin
---
Wahlkreisbüro Ludwigsfelde
Maxim-Gorki-Straße 10
14974 Ludwigsfelde"
"1047856","Verlinden, Dr. Julia","Bündnis 90/Die Grünen","https://www.bundestag.de/abgeordnete/biografien/V/verlinden_julia-1047856","true","1","Auf dem Wüstenort 4-5, 21335 Lüneburg","21335","Lüneburg","Auf dem Wüstenort 4-5
21335 Lüneburg"
"1047860","Vieregge, Kerstin","CDU/CSU","https://www.bundestag.de/abgeordnete/biografien/V/vieregge_kerstin-1047860","true","1","Wahlkreisbüro Kerstin Vieregge, Emilienstraße 12, 32756 Detmold","32756","Detmold","Wahlkreisbüro Kerstin Vieregge
Emilienstraße 12
32756 Detmold"
"1047890","Völlers, Marja-Liisa","SPD","https://www.bundestag.de/abgeordnete/biografien/V/voellers_marja-1047890","true","2","Bürgerbüro Nienburg, Georgstraße 28, 31582 Nienburg | Bürgerbüro Stadthagen, Obernstraße 18, 31655 Stadthagen","31582 | 31655","Nienburg | Stadthagen","Bürgerbüro Nienburg
Georgstraße 28
31582 Nienburg
---
Bürgerbüro Stadthagen
Obernstraße 18
31655 Stadthagen"
"1047896","Vöpel, Dirk","SPD","https://www.bundestag.de/abgeordnete/biografien/V/voepel_dirk-1047896","false","0","","","",""
"1047866","Vogel, Ingo","SPD","https://www.bundestag.de/abgeordnete/biografien/V/vogel_ingo-1047866","false","0","","","",""
"1047874","Vogt, Dr. Oliver","CDU/CSU","https://www.bundestag.de/abgeordnete/biografien/V/vogt_oliver-1047874","false","0","","","",""
"1047876","Vogtschmidt, Donata","Die Linke","https://www.bundestag.de/abgeordnete/biografien/V/vogtschmidt_donata-1047876","true","4","Wahlkreisbüro Sondershausen, Johann-Karl-Wezel-Straße 50, 99706 Sondershausen | Wahlkreisbüro Heilbad Heiligenstadt, Marktplatz 6/7, 37308 Heilbad Heiligenstadt | Wahlkreisbüro Jena, Hainstraße 1, 07745 Jena | Wahlkreisbüro Eisenach, Georgenstraße 48, 99817 Eisenach","99706 | 37308 | 07745 | 99817","Sondershausen | Heilbad Heiligenstadt | Jena | Eisenach","Wahlkreisbüro Sondershausen
Johann-Karl-Wezel-Straße 50
99706 Sondershausen
---
Wahlkreisbüro Heilbad Heiligenstadt
Marktplatz 6/7
37308 Heilbad Heiligenstadt
---
Wahlkreisbüro Jena
Hainstraße 1
07745 Jena
---
Wahlkreisbüro Eisenach
Georgenstraße 48
99817 Eisenach"
"1047886","Volkmann, Johannes","CDU/CSU","https://www.bundestag.de/abgeordnete/biografien/V/volkmann_johannes-1047886","false","0","","","",""
"1047888","Vollath, Sarah","Die Linke","https://www.bundestag.de/abgeordnete/biografien/V/vollath_sarah-1047888","true","1","Am Bachl 16, 85049 Ingolstadt","85049","Ingolstadt","Am Bachl 16
85049 Ingolstadt"
"1047904","Vries, Christoph de","CDU/CSU","https://www.bundestag.de/abgeordnete/biografien/V/vries_christoph-1047904","false","0","","","",""
"1047906","Vriesema, Mayra","Bündnis 90/Die Grünen","https://www.bundestag.de/abgeordnete/biografien/V/1047906-1047906","true","1","Heinrichstraße 16 b, 24937 Flensburg","24937","Flensburg","Heinrichstraße 16 b
24937 Flensburg"
"1047914","Wadephul, Dr. Johann David","CDU/CSU","https://www.bundestag.de/abgeordnete/biografien/W/wadephul_johann-1047914","false","0","","","",""
"1047918","Wagener, Niklas","Bündnis 90/Die Grünen","https://www.bundestag.de/abgeordnete/biografien/W/wagener_niklas-1047918","true","1","Erthalstraße 17, 63739 Aschaffenburg","63739","Aschaffenburg","Erthalstraße 17
63739 Aschaffenburg"
"1047920","Wagener, Robin","Bündnis 90/Die Grünen","https://www.bundestag.de/abgeordnete/biografien/W/wagener_robin-1047920","true","1","Wahlkreisbüro, Paulinenstr. 89, 32756 Detmold","32756","Detmold","Wahlkreisbüro
Paulinenstr. 89
32756 Detmold"
"1047924","Wagner, Dr. Carolin","SPD","https://www.bundestag.de/abgeordnete/biografien/W/wagner_carolin-1047924","false","0","","","",""
"1047936","Wagner, Johannes","Bündnis 90/Die Grünen","https://www.bundestag.de/abgeordnete/biografien/W/wagner_johannes-1047936","false","0","","","",""
"1047948","Wagner, Sascha","Die Linke","https://www.bundestag.de/abgeordnete/biografien/W/wagner_sascha-1047948","true","1","Wahlkreisbüro Sascha H. Wagner (MdB/Die Linke), Neustraße 56, 46535 Dinslaken, Bürger:innenbüro Sascha H. Wagner (MdB/Die Linke), Elsässer Straße 20, 46045 Oberhausen, Bürger:innenbüro Sascha H. Wagner (MdB/Die Linke), Augustastraße 14, 47441 Moers, Bürger:innenbüro Sascha H. Wagner (MdB/Die Linke), Bleichpfad 15d, 47799 Krefeld","46535","Dinslaken","Wahlkreisbüro Sascha H. Wagner (MdB/Die Linke)
Neustraße 56
46535 Dinslaken
Bürger:innenbüro Sascha H. Wagner (MdB/Die Linke)
Elsässer Straße 20
46045 Oberhausen
Bürger:innenbüro Sascha H. Wagner (MdB/Die Linke)
Augustastraße 14
47441 Moers
Bürger:innenbüro Sascha H. Wagner (MdB/Die Linke)
Bleichpfad 15d
47799 Krefeld"
"1049328","Walch, Siegfried","CDU/CSU","https://www.bundestag.de/abgeordnete/biografien/W/walch_siegfried-1049328","true","1","Taubenmarkt 2, 83278 Traunstein","83278","Traunstein","Taubenmarkt 2
83278 Traunstein"
"1047966","Wallstein, Maja","SPD","https://www.bundestag.de/abgeordnete/biografien/W/wallstein_maja-1047966","true","4","Bürgerbüro Cottbus, Friedrich-Ebert Straße 40, 03044 Cottbus | Bürgerbüro Forst, Cottbuser Straße 27c, 03149 Forst (Lausitz) | Bürgerbüro Guben, Frankfurter Straße 1, 03172 Guben | Bürgerbüro Spremberg, Lange Straße 10, 03130 Spremberg","03044 | 03149 | 03172 | 03130","Cottbus | Forst (Lausitz) | Guben | Spremberg","Bürgerbüro Cottbus
Friedrich-Ebert Straße 40
03044 Cottbus
---
Bürgerbüro Forst
Cottbuser Straße 27c
03149 Forst (Lausitz)
---
Bürgerbüro Guben
Frankfurter Straße 1
03172 Guben
---
Bürgerbüro Spremberg
Lange Straße 10
03130 Spremberg"
"1047970","Walter, Daniel","SPD","https://www.bundestag.de/abgeordnete/biografien/W/walter_daniel-1047970","true","1","Holzstraße 34, 52349 Düren, Startseite, Abgeordnete, Biografien, W, zurück zu: Biografien, (), Instagram, Instagram-Kanäle, Bundestag, (Externer Link, Link öffnet ein neues Fenster), Bundestagspräsidentin, (Externer Link, Link öffnet ein neues Fenster), LinkedIn, Mastodon, Mastodon-Kanäle, Bundestag, (Externer Link, Link öffnet ein neues Fenster), hib-Nachrichten, (Externer Link, Link öffnet ein neues Fenster), WhatsApp, YouTube, Hilfe, Kontakt, Inhaltsübersicht, Instagram, Instagram-Kanäle, Bundestag, (Externer Link, Link öffnet ein neues Fenster), Bundestagspräsidentin, (Externer Link, Link öffnet ein neues Fenster), LinkedIn, Mastodon, Mastodon-Kanäle, Bundestag, (Externer Link, Link öffnet ein neues Fenster), hib-Nachrichten, (Externer Link, Link öffnet ein neues Fenster), WhatsApp, YouTube, Barrierefreiheit, Datenschutz, Impressum, © Deutscher Bundestag, Ausdruck aus dem Internet-Angebot des Deutschen Bundestages, https://www.bundestag.de/abgeordnete/biografien/W/walter_daniel-1047970, Stand: 04.07.2026","52349","Düren","Holzstraße 34
52349 Düren
Startseite
Abgeordnete
Biografien
W
zurück zu: Biografien
()
Instagram
Instagram-Kanäle
Bundestag
(Externer Link, Link öffnet ein neues Fenster)
Bundestagspräsidentin
(Externer Link, Link öffnet ein neues Fenster)
LinkedIn
Mastodon
Mastodon-Kanäle
Bundestag
(Externer Link, Link öffnet ein neues Fenster)
hib-Nachrichten
(Externer Link, Link öffnet ein neues Fenster)
WhatsApp
YouTube
Hilfe
Kontakt
Inhaltsübersicht
Instagram
Instagram-Kanäle
Bundestag
(Externer Link, Link öffnet ein neues Fenster)
Bundestagspräsidentin
(Externer Link, Link öffnet ein neues Fenster)
LinkedIn
Mastodon
Mastodon-Kanäle
Bundestag
(Externer Link, Link öffnet ein neues Fenster)
hib-Nachrichten
(Externer Link, Link öffnet ein neues Fenster)
WhatsApp
YouTube
Barrierefreiheit
Datenschutz
Impressum
© Deutscher Bundestag
Ausdruck aus dem Internet-Angebot des Deutschen Bundestages
https://www.bundestag.de/abgeordnete/biografien/W/walter_daniel-1047970
Stand: 04.07.2026"
"1047986","Warken, Nina","CDU/CSU","https://www.bundestag.de/abgeordnete/biografien/W/warken_nina-1047986","false","0","","","",""
"1048014","Wegge, Carmen","SPD","https://www.bundestag.de/abgeordnete/biografien/W/wegge_carmen-1048014","true","3","Wahlkreisbüro Starnberg, Hauptstraße 22, 82319 Starnberg | Wahlkreisbüro Landsberg, Hinterer Anger 298, 86899 Landsberg am Lech | Wahlkreisbüro Germering, Eugen-Papst-Str. 4, 82110 Germering","82319 | 86899 | 82110","Starnberg | Landsberg am Lech | Germering","Wahlkreisbüro Starnberg
Hauptstraße 22
82319 Starnberg
---
Wahlkreisbüro Landsberg
Hinterer Anger 298
86899 Landsberg am Lech
---
Wahlkreisbüro Germering
Eugen-Papst-Str. 4
82110 Germering"
"1048026","Weidel, Dr. Alice","AfD","https://www.bundestag.de/abgeordnete/biografien/W/weidel_alice-1048026","false","0","","","",""
"1048054","Weiser, Mathias","AfD","https://www.bundestag.de/abgeordnete/biografien/W/weiser_mathias-1048054","false","0","","","",""
"1048056","Weisgerber, Dr. Anja","CDU/CSU","https://www.bundestag.de/abgeordnete/biografien/W/weisgerber_anja-1048056","false","0","","","",""
"1048060","Weiss, Claudia","AfD","https://www.bundestag.de/abgeordnete/biografien/W/weiss_claudia-1048060","false","0","","","",""
"1049354","Weiss, Dr. jur. Maria-Lena","CDU/CSU","https://www.bundestag.de/abgeordnete/biografien/W/weiss_maria-1049354","false","0","","","",""
"1048082","Wendorf, Sven","AfD","https://www.bundestag.de/abgeordnete/biografien/W/wendorf_sven-1048082","false","0","","","",""
"1049362","Whittaker, Kai","CDU/CSU","https://www.bundestag.de/abgeordnete/biografien/W/whittaker_kai-1049362","false","0","","","",""
"1048118","Wiegelmann, Johannes","CDU/CSU","https://www.bundestag.de/abgeordnete/biografien/W/wiegelmann_johannes-1048118","true","1","Rudolf-Walther-Straße 4, 63584 Gründau","63584","Gründau","Rudolf-Walther-Straße 4
63584 Gründau"
"1048120","Wiehle, Wolfgang","AfD","https://www.bundestag.de/abgeordnete/biografien/W/wiehle_wolfgang-1048120","true","1","Kistlerhofstraße 170, 81379 München","81379","München","Kistlerhofstraße 170
81379 München"
"1048126","Wiener, Dr. Klaus","CDU/CSU","https://www.bundestag.de/abgeordnete/biografien/W/wiener_klaus-1048126","true","1","Goethestrasse 16, 40822 Mettmann","40822","Mettmann","Goethestrasse 16
40822 Mettmann"
"1048128","Wiese, Dirk","SPD","https://www.bundestag.de/abgeordnete/biografien/W/wiese_dirk-1048128","true","1","Wahlkreisbüro Dirk Wiese MdB, Winziger Platz 14, 59872 Meschede","59872","Meschede","Wahlkreisbüro Dirk Wiese MdB
Winziger Platz 14
59872 Meschede"
"1048144","Willnat, Christin","Die Linke","https://www.bundestag.de/abgeordnete/biografien/W/willnat_christin-1048144","true","4","Wahlkreisbüro Brandenburg, Pauliner Straße 11, 14776 Brandenburg an der Havel | Wahlkreisbüro Rathenow, Goethestraße 4a, 14712 Rathenow | Wahlkreisbüro Oranienburg, Bernauer Straße 71, 16515 Oranienburg | Wahlkreisbüro Kyritz, Wilsnacker Str. 1, 16866 Kyritz, Startseite, Abgeordnete, Biografien, W, zurück zu: Biografien, (), Instagram, Instagram-Kanäle, Bundestag, (Externer Link, Link öffnet ein neues Fenster), Bundestagspräsidentin, (Externer Link, Link öffnet ein neues Fenster), LinkedIn, Mastodon, Mastodon-Kanäle, Bundestag, (Externer Link, Link öffnet ein neues Fenster), hib-Nachrichten, (Externer Link, Link öffnet ein neues Fenster), WhatsApp, YouTube, Hilfe, Kontakt, Inhaltsübersicht, Instagram, Instagram-Kanäle, Bundestag, (Externer Link, Link öffnet ein neues Fenster), Bundestagspräsidentin, (Externer Link, Link öffnet ein neues Fenster), LinkedIn, Mastodon, Mastodon-Kanäle, Bundestag, (Externer Link, Link öffnet ein neues Fenster), hib-Nachrichten, (Externer Link, Link öffnet ein neues Fenster), WhatsApp, YouTube, Barrierefreiheit, Datenschutz, Impressum, © Deutscher Bundestag, Ausdruck aus dem Internet-Angebot des Deutschen Bundestages, https://www.bundestag.de/abgeordnete/biografien/W/willnat_christin-1048144, Stand: 04.07.2026","14776 | 14712 | 16515 | 16866","Brandenburg an der Havel | Rathenow | Oranienburg | Kyritz","Wahlkreisbüro Brandenburg
Pauliner Straße 11
14776 Brandenburg an der Havel
---
Wahlkreisbüro Rathenow
Goethestraße 4a
14712 Rathenow
---
Wahlkreisbüro Oranienburg
Bernauer Straße 71
16515 Oranienburg
---
Wahlkreisbüro Kyritz
Wilsnacker Str. 1
16866 Kyritz
Startseite
Abgeordnete
Biografien
W
zurück zu: Biografien
()
Instagram
Instagram-Kanäle
Bundestag
(Externer Link, Link öffnet ein neues Fenster)
Bundestagspräsidentin
(Externer Link, Link öffnet ein neues Fenster)
LinkedIn
Mastodon
Mastodon-Kanäle
Bundestag
(Externer Link, Link öffnet ein neues Fenster)
hib-Nachrichten
(Externer Link, Link öffnet ein neues Fenster)
WhatsApp
YouTube
Hilfe
Kontakt
Inhaltsübersicht
Instagram
Instagram-Kanäle
Bundestag
(Externer Link, Link öffnet ein neues Fenster)
Bundestagspräsidentin
(Externer Link, Link öffnet ein neues Fenster)
LinkedIn
Mastodon
Mastodon-Kanäle
Bundestag
(Externer Link, Link öffnet ein neues Fenster)
hib-Nachrichten
(Externer Link, Link öffnet ein neues Fenster)
WhatsApp
YouTube
Barrierefreiheit
Datenschutz
Impressum
© Deutscher Bundestag
Ausdruck aus dem Internet-Angebot des Deutschen Bundestages
https://www.bundestag.de/abgeordnete/biografien/W/willnat_christin-1048144
Stand: 04.07.2026"
"1048150","Willsch, Klaus-Peter","CDU/CSU","https://www.bundestag.de/abgeordnete/biografien/W/willsch_klaus-1048150","false","0","","","",""
"1048158","Winkel, Johannes","CDU/CSU","https://www.bundestag.de/abgeordnete/biografien/W/winkel_johannes-1048158","true","1","Wasserstraße 5, 40213 Düsseldorf","40213","Düsseldorf","Wasserstraße 5
40213 Düsseldorf"
"1048162","Winkelmeier-Becker, Elisabeth","CDU/CSU","https://www.bundestag.de/abgeordnete/biografien/W/winkelmeier_becker_elisabeth-1048162","true","1","Wahnbachtalstr. 8, 53721 Siegburg","53721","Siegburg","Wahnbachtalstr. 8
53721 Siegburg"
"1049378","Winkler, Tobias","CDU/CSU","https://www.bundestag.de/abgeordnete/biografien/W/winkler_tobias-1049378","false","0","","","",""
"1048164","Winklmann, Tina","Bündnis 90/Die Grünen","https://www.bundestag.de/abgeordnete/biografien/W/winklmann_tina-1048164","true","1","Marktplatz 13, 92421 Schwandorf","92421","Schwandorf","Marktplatz 13
92421 Schwandorf"
"1048184","Wirth, Dr. Christian","AfD","https://www.bundestag.de/abgeordnete/biografien/W/wirth_christian-1048184","false","0","","","",""
"1048194","Wissler, Janine","Die Linke","https://www.bundestag.de/abgeordnete/biografien/W/wissler_janine-1048194","true","1","Allerheiligentor 2-4, 60311 Frankfurt am Main","60311","Frankfurt am Main","Allerheiligentor 2-4
60311 Frankfurt am Main"
"1048210","Wittmann, Mechthilde","CDU/CSU","https://www.bundestag.de/abgeordnete/biografien/W/wittmann_mechthilde-1048210","true","1","Gerberstraße 18, 87435 Kempten","87435","Kempten","Gerberstraße 18
87435 Kempten"
"1048220","Wolf, Dr. Alexander","AfD","https://www.bundestag.de/abgeordnete/biografien/W/wolf_alexander-1048220","true","1","Wahlkreisbüro Hamburg, z. Hd. Anne Schwieger, Schmiedestraße 2, 20095 Hamburg","20095","Hamburg","Wahlkreisbüro Hamburg
z. Hd. Anne Schwieger
Schmiedestraße 2
20095 Hamburg"
"1048238","Wulf, Mareike Lotte","CDU/CSU","https://www.bundestag.de/abgeordnete/biografien/W/wulf_mareike-1048238","true","1","Alte Marktstraße 38, 31785 Hameln","31785","Hameln","Alte Marktstraße 38
31785 Hameln"
"1048252","Yüksel, Serdar","SPD","https://www.bundestag.de/abgeordnete/biografien/Y/yueksel_serdar-1048252","true","1","Alte Hattinger Straße 19, 44789 Bochum","44789","Bochum","Alte Hattinger Straße 19
44789 Bochum"
"1048266","Zaum, Christian","AfD","https://www.bundestag.de/abgeordnete/biografien/Z/zaum_christian-1048266","false","0","","","",""
"1048280","Zerbin, Prof. Dr. Daniel","AfD","https://www.bundestag.de/abgeordnete/biografien/Z/zerbin_daniel-1048280","false","0","","","",""
"1048282","Zerr, Anne","Die Linke","https://www.bundestag.de/abgeordnete/biografien/Z/zerr_anne-1048282","true","1","Wahlkreisbüro Tübingen, z.Hd. Katja Mittelstädt, Metzgergasse 8, 72070 Tübingen","72070","Tübingen","Wahlkreisbüro Tübingen
z.Hd. Katja Mittelstädt
Metzgergasse 8
72070 Tübingen"
"1048288","Zeulner, Emmi","CDU/CSU","https://www.bundestag.de/abgeordnete/biografien/Z/zeulner_emmi-1048288","false","0","","","",""
"1049402","Ziegler, Kay-Uwe","AfD","https://www.bundestag.de/abgeordnete/biografien/Z/ziegler_kay-1049402","false","0","","","",""
"1048298","Ziemiak, Paul","CDU/CSU","https://www.bundestag.de/abgeordnete/biografien/Z/ziemiak_paul-1048298","false","0","","","",""
"1048300","Zierke, Stefan","SPD","https://www.bundestag.de/abgeordnete/biografien/Z/zierke_stefan-1048300","false","0","","","",""
"1048306","Zimmer, Diana","AfD","https://www.bundestag.de/abgeordnete/biografien/Z/zimmer_diana-1048306","false","0","","","",""
"1049406","Zippelius, Nicolas","CDU/CSU","https://www.bundestag.de/abgeordnete/biografien/Z/zippelius_nicolas-1049406","true","2","Wahlkreisbüro Bruchsal, Kaiserstraße 19, 76646 Bruchsal | Wahlkreisbüro Ettlingen, Entengasse 12, 76275 Ettlingen","76646 | 76275","Bruchsal | Ettlingen","Wahlkreisbüro Bruchsal
Kaiserstraße 19
76646 Bruchsal
---
Wahlkreisbüro Ettlingen
Entengasse 12
76275 Ettlingen"
"1048316","Zirwes, Jörg","AfD","https://www.bundestag.de/abgeordnete/biografien/Z/zirwes_joerg-1048316","true","1","Quartier zur Linde, Hauptstraße 30, 54497 Gonzerath, Oberstraße 19, 55469 Simmern","54497","Gonzerath","Quartier zur Linde
Hauptstraße 30
54497 Gonzerath
Oberstraße 19
55469 Simmern"
"1048318","Zobel, Vanessa","CDU/CSU","https://www.bundestag.de/abgeordnete/biografien/Z/zobel_vanessa-1048318","true","1","Poststraße 34, 21682 Stade","21682","Stade","Poststraße 34
21682 Stade"
"1048320","Zons, Ulrich von","AfD","https://www.bundestag.de/abgeordnete/biografien/Z/zons_ulrich-1048320","true","1","Hospitalgasse 3, 59494 Soest, Telefon 0151/15518858, E-Mail: ulrich.vonzons.wk@bundestag.de(E-Mail)","59494","Soest","Hospitalgasse 3
59494 Soest
Telefon 0151/15518858
E-Mail: ulrich.vonzons.wk@bundestag.de(E-Mail)"
"1048326","Zorn, Armand","SPD","https://www.bundestag.de/abgeordnete/biografien/Z/zorn_armand-1048326","true","1","Fischerfeldstrasse 7-11, 60311 Frankfurt am Main","60311","Frankfurt am Main","Fischerfeldstrasse 7-11
60311 Frankfurt am Main"